departamento;MUNICIPIO;Npuesto;gps;votos;direccion;;
CESAR;VALLEDUPAR;COL. NACIONAL LOPERENA;10.47339543921637, -73.24870962703822;7;CALLE 16 # 11 - 75;;
CESAR;VALLEDUPAR;COL. NACIONAL LOPERENA;10.47339543921637, -73.24870962703822;8;CALLE 16 # 11 - 75;;
CESAR;VALLEDUPAR;COL. NACIONAL LOPERENA;10.47339543921637, -73.24870962703822;7;CALLE 16 # 11 - 75;;
CESAR;VALLEDUPAR;COL. NACIONAL LOPERENA;10.47339543921637, -73.24870962703822;9;CALLE 16 # 11 - 75;;
CESAR;VALLEDUPAR;COL. NACIONAL LOPERENA;10.47339543921637, -73.24870962703822;6;CALLE 16 # 11 - 75;;
CESAR;VALLEDUPAR;COL. NACIONAL LOPERENA;10.47339543921637, -73.24870962703822;13;CALLE 16 # 11 - 75;;
CESAR;VALLEDUPAR;COL. NACIONAL LOPERENA;10.47339543921637, -73.24870962703822;13;CALLE 16 # 11 - 75;;
CESAR;VALLEDUPAR;COL. NACIONAL LOPERENA;10.47339543921637, -73.24870962703822;6;CALLE 16 # 11 - 75;;
CESAR;VALLEDUPAR;COL. NACIONAL LOPERENA;10.47339543921637, -73.24870962703822;9;CALLE 16 # 11 - 75;;
CESAR;VALLEDUPAR;COL. NACIONAL LOPERENA;10.47339543921637, -73.24870962703822;11;CALLE 16 # 11 - 75;;
CESAR;VALLEDUPAR;COL. NACIONAL LOPERENA;10.47339543921637, -73.24870962703822;10;CALLE 16 # 11 - 75;;
CESAR;VALLEDUPAR;COL. NACIONAL LOPERENA;10.47339543921637, -73.24870962703822;12;CALLE 16 # 11 - 75;;
CESAR;VALLEDUPAR;COL. NACIONAL LOPERENA;10.47339543921637, -73.24870962703822;17;CALLE 16 # 11 - 75;;
CESAR;VALLEDUPAR;COL. NACIONAL LOPERENA;10.47339543921637, -73.24870962703822;15;CALLE 16 # 11 - 75;;
CESAR;VALLEDUPAR;COL. NACIONAL LOPERENA;10.47339543921637, -73.24870962703822;11;CALLE 16 # 11 - 75;;
CESAR;VALLEDUPAR;COL. NACIONAL LOPERENA;10.47339543921637, -73.24870962703822;13;CALLE 16 # 11 - 75;;
CESAR;VALLEDUPAR;COL. NACIONAL LOPERENA;10.47339543921637, -73.24870962703822;9;CALLE 16 # 11 - 75;;
CESAR;VALLEDUPAR;COL. NACIONAL LOPERENA;10.47339543921637, -73.24870962703822;10;CALLE 16 # 11 - 75;;
CESAR;VALLEDUPAR;COL. NACIONAL LOPERENA;10.47339543921637, -73.24870962703822;12;CALLE 16 # 11 - 75;;
CESAR;VALLEDUPAR;COL. NACIONAL LOPERENA;10.47339543921637, -73.24870962703822;12;CALLE 16 # 11 - 75;;
CESAR;VALLEDUPAR;COL. NACIONAL LOPERENA;10.47339543921637, -73.24870962703822;8;CALLE 16 # 11 - 75;;
CESAR;VALLEDUPAR;COL. NACIONAL LOPERENA;10.47339543921637, -73.24870962703822;15;CALLE 16 # 11 - 75;;
CESAR;VALLEDUPAR;COL. NACIONAL LOPERENA;10.47339543921637, -73.24870962703822;6;CALLE 16 # 11 - 75;;
CESAR;VALLEDUPAR;COL. NACIONAL LOPERENA;10.47339543921637, -73.24870962703822;8;CALLE 16 # 11 - 75;;
CESAR;VALLEDUPAR;COL. NACIONAL LOPERENA;10.47339543921637, -73.24870962703822;3;CALLE 16 # 11 - 75;;
CESAR;VALLEDUPAR;COL. NACIONAL LOPERENA;10.47339543921637, -73.24870962703822;4;CALLE 16 # 11 - 75;;
CESAR;VALLEDUPAR;COL. NACIONAL LOPERENA;10.47339543921637, -73.24870962703822;13;CALLE 16 # 11 - 75;;
CESAR;VALLEDUPAR;COL. NACIONAL LOPERENA;10.47339543921637, -73.24870962703822;16;CALLE 16 # 11 - 75;;
CESAR;VALLEDUPAR;COL. NACIONAL LOPERENA;10.47339543921637, -73.24870962703822;9;CALLE 16 # 11 - 75;;
CESAR;VALLEDUPAR;COL. NACIONAL LOPERENA;10.47339543921637, -73.24870962703822;14;CALLE 16 # 11 - 75;;
CESAR;VALLEDUPAR;COL. NACIONAL LOPERENA;10.47339543921637, -73.24870962703822;8;CALLE 16 # 11 - 75;;
CESAR;VALLEDUPAR;COL. NACIONAL LOPERENA;10.47339543921637, -73.24870962703822;9;CALLE 16 # 11 - 75;;
CESAR;VALLEDUPAR;COL. NACIONAL LOPERENA;10.47339543921637, -73.24870962703822;5;CALLE 16 # 11 - 75;;
CESAR;VALLEDUPAR;COL. NACIONAL LOPERENA;10.47339543921637, -73.24870962703822;7;CALLE 16 # 11 - 75;;
CESAR;VALLEDUPAR;COL. NACIONAL LOPERENA;10.47339543921637, -73.24870962703822;15;CALLE 16 # 11 - 75;;
CESAR;VALLEDUPAR;COL. NACIONAL LOPERENA;10.47339543921637, -73.24870962703822;11;CALLE 16 # 11 - 75;;
CESAR;VALLEDUPAR;COL. NACIONAL LOPERENA;10.47339543921637, -73.24870962703822;8;CALLE 16 # 11 - 75;;
CESAR;VALLEDUPAR;COL. NACIONAL LOPERENA;10.47339543921637, -73.24870962703822;6;CALLE 16 # 11 - 75;;
CESAR;VALLEDUPAR;COL. NACIONAL LOPERENA;10.47339543921637, -73.24870962703822;8;CALLE 16 # 11 - 75;;
CESAR;VALLEDUPAR;ESC. DE BELLAS ARTES;10.47440825168491, -73.25117830216345;11;CALLE 15 # 12A - 54;;
CESAR;VALLEDUPAR;ESC. DE BELLAS ARTES;10.47440825168491, -73.25117830216345;13;CALLE 15 # 12A - 54;;
CESAR;VALLEDUPAR;ESC. DE BELLAS ARTES;10.47440825168491, -73.25117830216345;11;CALLE 15 # 12A - 54;;
CESAR;VALLEDUPAR;ESC. DE BELLAS ARTES;10.47440825168491, -73.25117830216345;10;CALLE 15 # 12A - 54;;
CESAR;VALLEDUPAR;ESC. DE BELLAS ARTES;10.47440825168491, -73.25117830216345;14;CALLE 15 # 12A - 54;;
CESAR;VALLEDUPAR;ESC. DE BELLAS ARTES;10.47440825168491, -73.25117830216345;14;CALLE 15 # 12A - 54;;
CESAR;VALLEDUPAR;ESC. DE BELLAS ARTES;10.47440825168491, -73.25117830216345;12;CALLE 15 # 12A - 54;;
CESAR;VALLEDUPAR;ESC. DE BELLAS ARTES;10.47440825168491, -73.25117830216345;6;CALLE 15 # 12A - 54;;
CESAR;VALLEDUPAR;ESC. DE BELLAS ARTES;10.47440825168491, -73.25117830216345;3;CALLE 15 # 12A - 54;;
CESAR;VALLEDUPAR;ESC. DE BELLAS ARTES;10.47440825168491, -73.25117830216345;13;CALLE 15 # 12A - 54;;
CESAR;VALLEDUPAR;ESC. DE BELLAS ARTES;10.47440825168491, -73.25117830216345;11;CALLE 15 # 12A - 54;;
CESAR;VALLEDUPAR;ESC. DE BELLAS ARTES;10.47440825168491, -73.25117830216345;11;CALLE 15 # 12A - 54;;
CESAR;VALLEDUPAR;ESC. DE BELLAS ARTES;10.47440825168491, -73.25117830216345;12;CALLE 15 # 12A - 54;;
CESAR;VALLEDUPAR;ESC. DE BELLAS ARTES;10.47440825168491, -73.25117830216345;9;CALLE 15 # 12A - 54;;
CESAR;VALLEDUPAR;ESC. DE BELLAS ARTES;10.47440825168491, -73.25117830216345;11;CALLE 15 # 12A - 54;;
CESAR;VALLEDUPAR;ESC. DE BELLAS ARTES;10.47440825168491, -73.25117830216345;7;CALLE 15 # 12A - 54;;
CESAR;VALLEDUPAR;ESC. DE BELLAS ARTES;10.47440825168491, -73.25117830216345;13;CALLE 15 # 12A - 54;;
CESAR;VALLEDUPAR;ESC. DE BELLAS ARTES;10.47440825168491, -73.25117830216345;12;CALLE 15 # 12A - 54;;
CESAR;VALLEDUPAR;ESC. DE BELLAS ARTES;10.47440825168491, -73.25117830216345;14;CALLE 15 # 12A - 54;;
CESAR;VALLEDUPAR;ESC. DE BELLAS ARTES;10.47440825168491, -73.25117830216345;10;CALLE 15 # 12A - 54;;
CESAR;VALLEDUPAR;ESC. DE BELLAS ARTES;10.47440825168491, -73.25117830216345;8;CALLE 15 # 12A - 54;;
CESAR;VALLEDUPAR;ESC. DE BELLAS ARTES;10.47440825168491, -73.25117830216345;12;CALLE 15 # 12A - 54;;
CESAR;VALLEDUPAR;ESC. DE BELLAS ARTES;10.47440825168491, -73.25117830216345;15;CALLE 15 # 12A - 54;;
CESAR;VALLEDUPAR;ESC. DE BELLAS ARTES;10.47440825168491, -73.25117830216345;11;CALLE 15 # 12A - 54;;
CESAR;VALLEDUPAR;"UNIVERSIDAD DE SANTANDER ""UDES";10.478716819090724, -73.24561867307342;9;CARRERA 6 # 14 -07;;
CESAR;VALLEDUPAR;"UNIVERSIDAD DE SANTANDER ""UDES";10.478716819090724, -73.24561867307342;14;CARRERA 6 # 14 -07;;
CESAR;VALLEDUPAR;"UNIVERSIDAD DE SANTANDER ""UDES";10.478716819090724, -73.24561867307342;6;CARRERA 6 # 14 -07;;
CESAR;VALLEDUPAR;"UNIVERSIDAD DE SANTANDER ""UDES";10.478716819090724, -73.24561867307342;10;CARRERA 6 # 14 -07;;
CESAR;VALLEDUPAR;"UNIVERSIDAD DE SANTANDER ""UDES";10.478716819090724, -73.24561867307342;7;CARRERA 6 # 14 -07;;
CESAR;VALLEDUPAR;"UNIVERSIDAD DE SANTANDER ""UDES";10.478716819090724, -73.24561867307342;18;CARRERA 6 # 14 -07;;
CESAR;VALLEDUPAR;"UNIVERSIDAD DE SANTANDER ""UDES";10.478716819090724, -73.24561867307342;17;CARRERA 6 # 14 -07;;
CESAR;VALLEDUPAR;"UNIVERSIDAD DE SANTANDER ""UDES";10.478716819090724, -73.24561867307342;9;CARRERA 6 # 14 -07;;
CESAR;VALLEDUPAR;"UNIVERSIDAD DE SANTANDER ""UDES";10.478716819090724, -73.24561867307342;10;CARRERA 6 # 14 -07;;
CESAR;VALLEDUPAR;"UNIVERSIDAD DE SANTANDER ""UDES";10.478716819090724, -73.24561867307342;7;CARRERA 6 # 14 -07;;
CESAR;VALLEDUPAR;"UNIVERSIDAD DE SANTANDER ""UDES";10.478716819090724, -73.24561867307342;5;CARRERA 6 # 14 -07;;
CESAR;VALLEDUPAR;"UNIVERSIDAD DE SANTANDER ""UDES";10.478716819090724, -73.24561867307342;6;CARRERA 6 # 14 -07;;
CESAR;VALLEDUPAR;"UNIVERSIDAD DE SANTANDER ""UDES";10.478716819090724, -73.24561867307342;2;CARRERA 6 # 14 -07;;
CESAR;VALLEDUPAR;"UNIVERSIDAD DE SANTANDER ""UDES";10.478716819090724, -73.24561867307342;7;CARRERA 6 # 14 -07;;
CESAR;VALLEDUPAR;"UNIVERSIDAD DE SANTANDER ""UDES";10.478716819090724, -73.24561867307342;13;CARRERA 6 # 14 -07;;
CESAR;VALLEDUPAR;"UNIVERSIDAD DE SANTANDER ""UDES";10.478716819090724, -73.24561867307342;11;CARRERA 6 # 14 -07;;
CESAR;VALLEDUPAR;"UNIVERSIDAD DE SANTANDER ""UDES";10.478716819090724, -73.24561867307342;15;CARRERA 6 # 14 -07;;
CESAR;VALLEDUPAR;"UNIVERSIDAD DE SANTANDER ""UDES";10.478716819090724, -73.24561867307342;6;CARRERA 6 # 14 -07;;
CESAR;VALLEDUPAR;COL. PRUDENCIA DAZA;10.468735694661138, -73.24732336309124;7;CALLE 19 B # 12 - 80;;
CESAR;VALLEDUPAR;COL. PRUDENCIA DAZA;10.468735694661138, -73.24732336309124;5;CALLE 19 B # 12 - 80;;
CESAR;VALLEDUPAR;COL. PRUDENCIA DAZA;10.468735694661138, -73.24732336309124;6;CALLE 19 B # 12 - 80;;
CESAR;VALLEDUPAR;COL. PRUDENCIA DAZA;10.468735694661138, -73.24732336309124;14;CALLE 19 B # 12 - 80;;
CESAR;VALLEDUPAR;COL. PRUDENCIA DAZA;10.468735694661138, -73.24732336309124;11;CALLE 19 B # 12 - 80;;
CESAR;VALLEDUPAR;COL. PRUDENCIA DAZA;10.468735694661138, -73.24732336309124;13;CALLE 19 B # 12 - 80;;
CESAR;VALLEDUPAR;COL. PRUDENCIA DAZA;10.468735694661138, -73.24732336309124;16;CALLE 19 B # 12 - 80;;
CESAR;VALLEDUPAR;COL. PRUDENCIA DAZA;10.468735694661138, -73.24732336309124;8;CALLE 19 B # 12 - 80;;
CESAR;VALLEDUPAR;COL. PRUDENCIA DAZA;10.468735694661138, -73.24732336309124;12;CALLE 19 B # 12 - 80;;
CESAR;VALLEDUPAR;COL. PRUDENCIA DAZA;10.468735694661138, -73.24732336309124;8;CALLE 19 B # 12 - 80;;
CESAR;VALLEDUPAR;COL. PRUDENCIA DAZA;10.468735694661138, -73.24732336309124;4;CALLE 19 B # 12 - 80;;
CESAR;VALLEDUPAR;COL. PRUDENCIA DAZA;10.468735694661138, -73.24732336309124;8;CALLE 19 B # 12 - 80;;
CESAR;VALLEDUPAR;COL. SANTO DOMINGO;10.46988929430323, -73.23814660727123;6;CALLE 19 C # 4H - 15;;
CESAR;VALLEDUPAR;COL. SANTO DOMINGO;10.46988929430323, -73.23814660727123;11;CALLE 19 C # 4H - 15;;
CESAR;VALLEDUPAR;COL. SANTO DOMINGO;10.46988929430323, -73.23814660727123;11;CALLE 19 C # 4H - 15;;
CESAR;VALLEDUPAR;COL. SANTO DOMINGO;10.46988929430323, -73.23814660727123;19;CALLE 19 C # 4H - 15;;
CESAR;VALLEDUPAR;COL. SANTO DOMINGO;10.46988929430323, -73.23814660727123;12;CALLE 19 C # 4H - 15;;
CESAR;VALLEDUPAR;COL. SANTO DOMINGO;10.46988929430323, -73.23814660727123;10;CALLE 19 C # 4H - 15;;
CESAR;VALLEDUPAR;COL. SANTO DOMINGO;10.46988929430323, -73.23814660727123;17;CALLE 19 C # 4H - 15;;
CESAR;VALLEDUPAR;COL. SANTO DOMINGO;10.46988929430323, -73.23814660727123;15;CALLE 19 C # 4H - 15;;
CESAR;VALLEDUPAR;COL. SANTO DOMINGO;10.46988929430323, -73.23814660727123;17;CALLE 19 C # 4H - 15;;
CESAR;VALLEDUPAR;COL. SANTO DOMINGO;10.46988929430323, -73.23814660727123;23;CALLE 19 C # 4H - 15;;
CESAR;VALLEDUPAR;COL. SANTO DOMINGO;10.46988929430323, -73.23814660727123;23;CALLE 19 C # 4H - 15;;
CESAR;VALLEDUPAR;COL. SANTO DOMINGO;10.46988929430323, -73.23814660727123;15;CALLE 19 C # 4H - 15;;
CESAR;VALLEDUPAR;COL. SANTO DOMINGO;10.46988929430323, -73.23814660727123;9;CALLE 19 C # 4H - 15;;
CESAR;VALLEDUPAR;COL. SANTO DOMINGO;10.46988929430323, -73.23814660727123;14;CALLE 19 C # 4H - 15;;
CESAR;VALLEDUPAR;COL. SANTO DOMINGO;10.46988929430323, -73.23814660727123;20;CALLE 19 C # 4H - 15;;
CESAR;VALLEDUPAR;COL. SANTO DOMINGO;10.46988929430323, -73.23814660727123;22;CALLE 19 C # 4H - 15;;
CESAR;VALLEDUPAR;COL. SANTO DOMINGO;10.46988929430323, -73.23814660727123;18;CALLE 19 C # 4H - 15;;
CESAR;VALLEDUPAR;COL. SANTO DOMINGO;10.46988929430323, -73.23814660727123;16;CALLE 19 C # 4H - 15;;
CESAR;VALLEDUPAR;COL. SANTO DOMINGO;10.46988929430323, -73.23814660727123;17;CALLE 19 C # 4H - 15;;
CESAR;VALLEDUPAR;COL. SANTO DOMINGO;10.46988929430323, -73.23814660727123;14;CALLE 19 C # 4H - 15;;
CESAR;VALLEDUPAR;COL. SANTO DOMINGO;10.46988929430323, -73.23814660727123;16;CALLE 19 C # 4H - 15;;
CESAR;VALLEDUPAR;COL. SANTO DOMINGO;10.46988929430323, -73.23814660727123;9;CALLE 19 C # 4H - 15;;
CESAR;VALLEDUPAR;COL. SANTO DOMINGO;10.46988929430323, -73.23814660727123;8;CALLE 19 C # 4H - 15;;
CESAR;VALLEDUPAR;COL. SANTO DOMINGO;10.46988929430323, -73.23814660727123;15;CALLE 19 C # 4H - 15;;
CESAR;VALLEDUPAR;COL. SANTO DOMINGO;10.46988929430323, -73.23814660727123;13;CALLE 19 C # 4H - 15;;
CESAR;VALLEDUPAR;COL. SANTO DOMINGO;10.46988929430323, -73.23814660727123;11;CALLE 19 C # 4H - 15;;
CESAR;VALLEDUPAR;COL. SANTO DOMINGO;10.46988929430323, -73.23814660727123;6;CALLE 19 C # 4H - 15;;
CESAR;VALLEDUPAR;COL. FRANCISCO MOLINA SANCHEZ;10.460264250972644, -73.22888844774737;7;CARRERA 4 # 33A - 01;;
CESAR;VALLEDUPAR;COL. FRANCISCO MOLINA SANCHEZ;10.460264250972644, -73.22888844774737;5;CARRERA 4 # 33A - 01;;
CESAR;VALLEDUPAR;COL. FRANCISCO MOLINA SANCHEZ;10.460264250972644, -73.22888844774737;9;CARRERA 4 # 33A - 01;;
CESAR;VALLEDUPAR;COL. FRANCISCO MOLINA SANCHEZ;10.460264250972644, -73.22888844774737;17;CARRERA 4 # 33A - 01;;
CESAR;VALLEDUPAR;COL. FRANCISCO MOLINA SANCHEZ;10.460264250972644, -73.22888844774737;13;CARRERA 4 # 33A - 01;;
CESAR;VALLEDUPAR;COL. FRANCISCO MOLINA SANCHEZ;10.460264250972644, -73.22888844774737;10;CARRERA 4 # 33A - 01;;
CESAR;VALLEDUPAR;COL. FRANCISCO MOLINA SANCHEZ;10.460264250972644, -73.22888844774737;5;CARRERA 4 # 33A - 01;;
CESAR;VALLEDUPAR;COL. FRANCISCO MOLINA SANCHEZ;10.460264250972644, -73.22888844774737;14;CARRERA 4 # 33A - 01;;
CESAR;VALLEDUPAR;COL. FRANCISCO MOLINA SANCHEZ;10.460264250972644, -73.22888844774737;19;CARRERA 4 # 33A - 01;;
CESAR;VALLEDUPAR;COL. FRANCISCO MOLINA SANCHEZ;10.460264250972644, -73.22888844774737;15;CARRERA 4 # 33A - 01;;
CESAR;VALLEDUPAR;COL. FRANCISCO MOLINA SANCHEZ;10.460264250972644, -73.22888844774737;23;CARRERA 4 # 33A - 01;;
CESAR;VALLEDUPAR;COL. FRANCISCO MOLINA SANCHEZ;10.460264250972644, -73.22888844774737;18;CARRERA 4 # 33A - 01;;
CESAR;VALLEDUPAR;COL. FRANCISCO MOLINA SANCHEZ;10.460264250972644, -73.22888844774737;7;CARRERA 4 # 33A - 01;;
CESAR;VALLEDUPAR;COL. FRANCISCO MOLINA SANCHEZ;10.460264250972644, -73.22888844774737;10;CARRERA 4 # 33A - 01;;
CESAR;VALLEDUPAR;COL. FRANCISCO MOLINA SANCHEZ;10.460264250972644, -73.22888844774737;16;CARRERA 4 # 33A - 01;;
CESAR;VALLEDUPAR;COL. FRANCISCO MOLINA SANCHEZ;10.460264250972644, -73.22888844774737;15;CARRERA 4 # 33A - 01;;
CESAR;VALLEDUPAR;COL. FRANCISCO MOLINA SANCHEZ;10.460264250972644, -73.22888844774737;7;CARRERA 4 # 33A - 01;;
CESAR;VALLEDUPAR;COL. FRANCISCO MOLINA SANCHEZ;10.460264250972644, -73.22888844774737;6;CARRERA 4 # 33A - 01;;
CESAR;VALLEDUPAR;COL. FRANCISCO MOLINA SANCHEZ;10.460264250972644, -73.22888844774737;7;CARRERA 4 # 33A - 01;;
CESAR;VALLEDUPAR;COL. FRANCISCO MOLINA SANCHEZ;10.460264250972644, -73.22888844774737;8;CARRERA 4 # 33A - 01;;
CESAR;VALLEDUPAR;COL. FRANCISCO MOLINA SANCHEZ;10.460264250972644, -73.22888844774737;10;CARRERA 4 # 33A - 01;;
CESAR;VALLEDUPAR;COL. FRANCISCO MOLINA SANCHEZ;10.460264250972644, -73.22888844774737;9;CARRERA 4 # 33A - 01;;
CESAR;VALLEDUPAR;COL. FRANCISCO MOLINA SANCHEZ;10.460264250972644, -73.22888844774737;4;CARRERA 4 # 33A - 01;;
CESAR;VALLEDUPAR;COL. FRANCISCO MOLINA SANCHEZ;10.460264250972644, -73.22888844774737;8;CARRERA 4 # 33A - 01;;
CESAR;VALLEDUPAR;COL. FRANCISCO MOLINA SANCHEZ;10.460264250972644, -73.22888844774737;2;CARRERA 4 # 33A - 01;;
CESAR;VALLEDUPAR;COL. FRANCISCO MOLINA SANCHEZ;10.460264250972644, -73.22888844774737;8;CARRERA 4 # 33A - 01;;
CESAR;VALLEDUPAR;COL. FRANCISCO MOLINA SANCHEZ;10.460264250972644, -73.22888844774737;5;CARRERA 4 # 33A - 01;;
CESAR;VALLEDUPAR;COL. FRANCISCO MOLINA SANCHEZ;10.460264250972644, -73.22888844774737;10;CARRERA 4 # 33A - 01;;
CESAR;VALLEDUPAR;COL. FRANCISCO MOLINA SANCHEZ;10.460264250972644, -73.22888844774737;11;CARRERA 4 # 33A - 01;;
CESAR;VALLEDUPAR;COL. FRANCISCO MOLINA SANCHEZ;10.460264250972644, -73.22888844774737;4;CARRERA 4 # 33A - 01;;
CESAR;VALLEDUPAR;COL. FRANCISCO MOLINA SANCHEZ;10.460264250972644, -73.22888844774737;6;CARRERA 4 # 33A - 01;;
CESAR;VALLEDUPAR;COL. FRANCISCO MOLINA SANCHEZ;10.460264250972644, -73.22888844774737;10;CARRERA 4 # 33A - 01;;
CESAR;VALLEDUPAR;COL. FRANCISCO MOLINA SANCHEZ;10.460264250972644, -73.22888844774737;5;CARRERA 4 # 33A - 01;;
CESAR;VALLEDUPAR;COL. FRANCISCO MOLINA SANCHEZ;10.460264250972644, -73.22888844774737;11;CARRERA 4 # 33A - 01;;
CESAR;VALLEDUPAR;COL. FRANCISCO MOLINA SANCHEZ;10.460264250972644, -73.22888844774737;4;CARRERA 4 # 33A - 01;;
CESAR;VALLEDUPAR;COL. FRANCISCO MOLINA SANCHEZ;10.460264250972644, -73.22888844774737;3;CARRERA 4 # 33A - 01;;
CESAR;VALLEDUPAR;COL. FRANCISCO MOLINA SANCHEZ;10.460264250972644, -73.22888844774737;2;CARRERA 4 # 33A - 01;;
CESAR;VALLEDUPAR;COL. FRANCISCO MOLINA SANCHEZ;10.460264250972644, -73.22888844774737;10;CARRERA 4 # 33A - 01;;
CESAR;VALLEDUPAR;COL. FRANCISCO MOLINA SANCHEZ;10.460264250972644, -73.22888844774737;2;CARRERA 4 # 33A - 01;;
CESAR;VALLEDUPAR;COL. FRANCISCO MOLINA SANCHEZ;10.460264250972644, -73.22888844774737;7;CARRERA 4 # 33A - 01;;
CESAR;VALLEDUPAR;COL. FRANCISCO MOLINA SANCHEZ;10.460264250972644, -73.22888844774737;4;CARRERA 4 # 33A - 01;;
CESAR;VALLEDUPAR;COL. FRANCISCO MOLINA SANCHEZ;10.460264250972644, -73.22888844774737;11;CARRERA 4 # 33A - 01;;
CESAR;VALLEDUPAR;COL. FRANCISCO MOLINA SANCHEZ;10.460264250972644, -73.22888844774737;12;CARRERA 4 # 33A - 01;;
CESAR;VALLEDUPAR;COL. FRANCISCO MOLINA SANCHEZ;10.460264250972644, -73.22888844774737;6;CARRERA 4 # 33A - 01;;
CESAR;VALLEDUPAR;COL. FRANCISCO MOLINA SANCHEZ;10.460264250972644, -73.22888844774737;8;CARRERA 4 # 33A - 01;;
CESAR;VALLEDUPAR;COL. FRANCISCO MOLINA SANCHEZ;10.460264250972644, -73.22888844774737;13;CARRERA 4 # 33A - 01;;
CESAR;VALLEDUPAR;COL. FRANCISCO MOLINA SANCHEZ;10.460264250972644, -73.22888844774737;8;CARRERA 4 # 33A - 01;;
CESAR;VALLEDUPAR;COL. FRANCISCO MOLINA SANCHEZ;10.460264250972644, -73.22888844774737;10;CARRERA 4 # 33A - 01;;
CESAR;VALLEDUPAR;COL. FRANCISCO MOLINA SANCHEZ;10.460264250972644, -73.22888844774737;11;CARRERA 4 # 33A - 01;;
CESAR;VALLEDUPAR;I.E. MANUEL GERMAN CUELLO;10.46340834698933, -73.2357375765832;14;CARRERA 4C # 24 - 15 ;;
CESAR;VALLEDUPAR;I.E. MANUEL GERMAN CUELLO;10.46340834698933, -73.2357375765832;8;CARRERA 4C # 24 - 15 ;;
CESAR;VALLEDUPAR;I.E. MANUEL GERMAN CUELLO;10.46340834698933, -73.2357375765832;13;CARRERA 4C # 24 - 15 ;;
CESAR;VALLEDUPAR;I.E. MANUEL GERMAN CUELLO;10.46340834698933, -73.2357375765832;11;CARRERA 4C # 24 - 15 ;;
CESAR;VALLEDUPAR;I.E. MANUEL GERMAN CUELLO;10.46340834698933, -73.2357375765832;4;CARRERA 4C # 24 - 15 ;;
CESAR;VALLEDUPAR;I.E. MANUEL GERMAN CUELLO;10.46340834698933, -73.2357375765832;8;CARRERA 4C # 24 - 15 ;;
CESAR;VALLEDUPAR;I.E. MANUEL GERMAN CUELLO;10.46340834698933, -73.2357375765832;7;CARRERA 4C # 24 - 15 ;;
CESAR;VALLEDUPAR;I.E. MANUEL GERMAN CUELLO;10.46340834698933, -73.2357375765832;6;CARRERA 4C # 24 - 15 ;;
CESAR;VALLEDUPAR;I.E. MANUEL GERMAN CUELLO;10.46340834698933, -73.2357375765832;4;CARRERA 4C # 24 - 15 ;;
CESAR;VALLEDUPAR;I.E. MANUEL GERMAN CUELLO;10.46340834698933, -73.2357375765832;9;CARRERA 4C # 24 - 15 ;;
CESAR;VALLEDUPAR;I.E. MANUEL GERMAN CUELLO;10.46340834698933, -73.2357375765832;4;CARRERA 4C # 24 - 15 ;;
CESAR;VALLEDUPAR;I.E. MANUEL GERMAN CUELLO;10.46340834698933, -73.2357375765832;4;CARRERA 4C # 24 - 15 ;;
CESAR;VALLEDUPAR;I.E. MANUEL GERMAN CUELLO;10.46340834698933, -73.2357375765832;12;CARRERA 4C # 24 - 15 ;;
CESAR;VALLEDUPAR;I.E. MANUEL GERMAN CUELLO;10.46340834698933, -73.2357375765832;9;CARRERA 4C # 24 - 15 ;;
CESAR;VALLEDUPAR;I.E. MANUEL GERMAN CUELLO;10.46340834698933, -73.2357375765832;10;CARRERA 4C # 24 - 15 ;;
CESAR;VALLEDUPAR;I.E. MANUEL GERMAN CUELLO;10.46340834698933, -73.2357375765832;7;CARRERA 4C # 24 - 15 ;;
CESAR;VALLEDUPAR;I.E. MANUEL GERMAN CUELLO;10.46340834698933, -73.2357375765832;6;CARRERA 4C # 24 - 15 ;;
CESAR;VALLEDUPAR;I.E. MANUEL GERMAN CUELLO;10.46340834698933, -73.2357375765832;12;CARRERA 4C # 24 - 15 ;;
CESAR;VALLEDUPAR;I.E. MANUEL GERMAN CUELLO;10.46340834698933, -73.2357375765832;5;CARRERA 4C # 24 - 15 ;;
CESAR;VALLEDUPAR;I.E. MANUEL GERMAN CUELLO;10.46340834698933, -73.2357375765832;9;CARRERA 4C # 24 - 15 ;;
CESAR;VALLEDUPAR;I.E. MANUEL GERMAN CUELLO;10.46340834698933, -73.2357375765832;9;CARRERA 4C # 24 - 15 ;;
CESAR;VALLEDUPAR;I.E. MANUEL GERMAN CUELLO;10.46340834698933, -73.2357375765832;4;CARRERA 4C # 24 - 15 ;;
CESAR;VALLEDUPAR;I.E. MANUEL GERMAN CUELLO;10.46340834698933, -73.2357375765832;14;CARRERA 4C # 24 - 15 ;;
CESAR;VALLEDUPAR;I.E. MANUEL GERMAN CUELLO;10.46340834698933, -73.2357375765832;8;CARRERA 4C # 24 - 15 ;;
CESAR;VALLEDUPAR;I.E. MANUEL GERMAN CUELLO;10.46340834698933, -73.2357375765832;9;CARRERA 4C # 24 - 15 ;;
CESAR;VALLEDUPAR;I.E. MANUEL GERMAN CUELLO;10.46340834698933, -73.2357375765832;11;CARRERA 4C # 24 - 15 ;;
CESAR;VALLEDUPAR;I.E. MANUEL GERMAN CUELLO;10.46340834698933, -73.2357375765832;9;CARRERA 4C # 24 - 15 ;;
CESAR;VALLEDUPAR;I.E. MANUEL GERMAN CUELLO;10.46340834698933, -73.2357375765832;10;CARRERA 4C # 24 - 15 ;;
CESAR;VALLEDUPAR;I.E. MANUEL GERMAN CUELLO;10.46340834698933, -73.2357375765832;7;CARRERA 4C # 24 - 15 ;;
CESAR;VALLEDUPAR;I.E. MANUEL GERMAN CUELLO;10.46340834698933, -73.2357375765832;8;CARRERA 4C # 24 - 15 ;;
CESAR;VALLEDUPAR;I.E. MANUEL GERMAN CUELLO;10.46340834698933, -73.2357375765832;3;CARRERA 4C # 24 - 15 ;;
CESAR;VALLEDUPAR;I.E. MANUEL GERMAN CUELLO;10.46340834698933, -73.2357375765832;10;CARRERA 4C # 24 - 15 ;;
CESAR;VALLEDUPAR;I.E. MANUEL GERMAN CUELLO;10.46340834698933, -73.2357375765832;1;CARRERA 4C # 24 - 15 ;;
CESAR;VALLEDUPAR;I.E. MANUEL GERMAN CUELLO;10.46340834698933, -73.2357375765832;7;CARRERA 4C # 24 - 15 ;;
CESAR;VALLEDUPAR;I.E. MANUEL GERMAN CUELLO;10.46340834698933, -73.2357375765832;9;CARRERA 4C # 24 - 15 ;;
CESAR;VALLEDUPAR;I.E. MANUEL GERMAN CUELLO;10.46340834698933, -73.2357375765832;8;CARRERA 4C # 24 - 15 ;;
CESAR;VALLEDUPAR;I.E. LEONIDAS ACU헤;10.454097653878305, -73.24208447658343;9;CALLE 33 # 7A - 50;;
CESAR;VALLEDUPAR;I.E. LEONIDAS ACU헤;10.454139856849435, -73.24210593425543;10;CALLE 33 # 7A - 50;;
CESAR;VALLEDUPAR;I.E. LEONIDAS ACU헤;10.454139856849435, -73.24210593425543;8;CALLE 33 # 7A - 50;;
CESAR;VALLEDUPAR;I.E. LEONIDAS ACU헤;10.454139856849435, -73.24210593425543;9;CALLE 33 # 7A - 50;;
CESAR;VALLEDUPAR;I.E. LEONIDAS ACU헤;10.454139856849435, -73.24210593425543;18;CALLE 33 # 7A - 50;;
CESAR;VALLEDUPAR;I.E. LEONIDAS ACU헤;10.454139856849435, -73.24210593425543;12;CALLE 33 # 7A - 50;;
CESAR;VALLEDUPAR;I.E. LEONIDAS ACU헤;10.454139856849435, -73.24210593425543;11;CALLE 33 # 7A - 50;;
CESAR;VALLEDUPAR;I.E. LEONIDAS ACU헤;10.454139856849435, -73.24210593425543;7;CALLE 33 # 7A - 50;;
CESAR;VALLEDUPAR;I.E. LEONIDAS ACU헤;10.454139856849435, -73.24210593425543;8;CALLE 33 # 7A - 50;;
CESAR;VALLEDUPAR;I.E. LEONIDAS ACU헤;10.454139856849435, -73.24210593425543;19;CALLE 33 # 7A - 50;;
CESAR;VALLEDUPAR;I.E. LEONIDAS ACU헤;10.454139856849435, -73.24210593425543;12;CALLE 33 # 7A - 50;;
CESAR;VALLEDUPAR;I.E. LEONIDAS ACU헤;10.454139856849435, -73.24210593425543;13;CALLE 33 # 7A - 50;;
CESAR;VALLEDUPAR;I.E. LEONIDAS ACU헤;10.454139856849435, -73.24210593425543;8;CALLE 33 # 7A - 50;;
CESAR;VALLEDUPAR;I.E. LEONIDAS ACU헤;10.454139856849435, -73.24210593425543;21;CALLE 33 # 7A - 50;;
CESAR;VALLEDUPAR;I.E. LEONIDAS ACU헤;10.454139856849435, -73.24210593425543;17;CALLE 33 # 7A - 50;;
CESAR;VALLEDUPAR;I.E. LEONIDAS ACU헤;10.454139856849435, -73.24210593425543;12;CALLE 33 # 7A - 50;;
CESAR;VALLEDUPAR;I.E. LEONIDAS ACU헤;10.454139856849435, -73.24210593425543;4;CALLE 33 # 7A - 50;;
CESAR;VALLEDUPAR;I.E. LEONIDAS ACU헤;10.454139856849435, -73.24210593425543;13;CALLE 33 # 7A - 50;;
CESAR;VALLEDUPAR;I.E. LEONIDAS ACU헤;10.454139856849435, -73.24210593425543;8;CALLE 33 # 7A - 50;;
CESAR;VALLEDUPAR;I.E. LEONIDAS ACU헤;10.454139856849435, -73.24210593425543;3;CALLE 33 # 7A - 50;;
CESAR;VALLEDUPAR;I.E. LEONIDAS ACU헤;10.454139856849435, -73.24210593425543;14;CALLE 33 # 7A - 50;;
CESAR;VALLEDUPAR;I.E. LEONIDAS ACU헤;10.454139856849435, -73.24210593425543;2;CALLE 33 # 7A - 50;;
CESAR;VALLEDUPAR;I.E. LEONIDAS ACU헤;10.454139856849435, -73.24210593425543;7;CALLE 33 # 7A - 50;;
CESAR;VALLEDUPAR;I.E. LEONIDAS ACU헤;10.454139856849435, -73.24210593425543;6;CALLE 33 # 7A - 50;;
CESAR;VALLEDUPAR;I.E. LEONIDAS ACU헤;10.454139856849435, -73.24210593425543;14;CALLE 33 # 7A - 50;;
CESAR;VALLEDUPAR;I.E. LEONIDAS ACU헤;10.454139856849435, -73.24210593425543;10;CALLE 33 # 7A - 50;;
CESAR;VALLEDUPAR;I.E. LEONIDAS ACU헤;10.454139856849435, -73.24210593425543;8;CALLE 33 # 7A - 50;;
CESAR;VALLEDUPAR;I.E. LEONIDAS ACU헤;10.454139856849435, -73.24210593425543;10;CALLE 33 # 7A - 50;;
CESAR;VALLEDUPAR;I.E. LEONIDAS ACU헤;10.454139856849435, -73.24210593425543;9;CALLE 33 # 7A - 50;;
CESAR;VALLEDUPAR;I.E. LEONIDAS ACU헤;10.454139856849435, -73.24210593425543;9;CALLE 33 # 7A - 50;;
CESAR;VALLEDUPAR;I.E. LEONIDAS ACU헤;10.454139856849435, -73.24210593425543;9;CALLE 33 # 7A - 50;;
CESAR;VALLEDUPAR;I.E. LEONIDAS ACU헤;10.454139856849435, -73.24210593425543;17;CALLE 33 # 7A - 50;;
CESAR;VALLEDUPAR;I.E. LEONIDAS ACU헤;10.454139856849435, -73.24210593425543;10;CALLE 33 # 7A - 50;;
CESAR;VALLEDUPAR;I.E. LEONIDAS ACU헤;10.454139856849435, -73.24210593425543;8;CALLE 33 # 7A - 50;;
CESAR;VALLEDUPAR;I.E. LEONIDAS ACU헤;10.454139856849435, -73.24210593425543;7;CALLE 33 # 7A - 50;;
CESAR;VALLEDUPAR;I.E. LEONIDAS ACU헤;10.454139856849435, -73.24210593425543;9;CALLE 33 # 7A - 50;;
CESAR;VALLEDUPAR;I.E. LEONIDAS ACU헤;10.454139856849435, -73.24210593425543;14;CALLE 33 # 7A - 50;;
CESAR;VALLEDUPAR;I.E. LEONIDAS ACU헤;10.454139856849435, -73.24210593425543;21;CALLE 33 # 7A - 50;;
CESAR;VALLEDUPAR;I.E. LEONIDAS ACU헤;10.454139856849435, -73.24210593425543;14;CALLE 33 # 7A - 50;;
CESAR;VALLEDUPAR;I.E. LEONIDAS ACU헤;10.454139856849435, -73.24210593425543;12;CALLE 33 # 7A - 50;;
CESAR;VALLEDUPAR;I.E. LEONIDAS ACU헤;10.454139856849435, -73.24210593425543;13;CALLE 33 # 7A - 50;;
CESAR;VALLEDUPAR;I.E. LEONIDAS ACU헤;10.454139856849435, -73.24210593425543;13;CALLE 33 # 7A - 50;;
CESAR;VALLEDUPAR;I.E. LEONIDAS ACU헤;10.454139856849435, -73.24210593425543;5;CALLE 33 # 7A - 50;;
CESAR;VALLEDUPAR;UNIVERSIDAD ABIERTA Y A DISTAN;10.451232555950307, -73.23667757692982;23;CALLE 39 # 4B-02;;
CESAR;VALLEDUPAR;UNIVERSIDAD ABIERTA Y A DISTAN;10.451232555950307, -73.23667757692982;9;CALLE 39 # 4B-02;;
CESAR;VALLEDUPAR;UNIVERSIDAD ABIERTA Y A DISTAN;10.451232555950307, -73.23667757692982;9;CALLE 39 # 4B-02;;
CESAR;VALLEDUPAR;UNIVERSIDAD ABIERTA Y A DISTAN;10.451232555950307, -73.23667757692982;16;CALLE 39 # 4B-02;;
CESAR;VALLEDUPAR;UNIVERSIDAD ABIERTA Y A DISTAN;10.451232555950307, -73.23667757692982;10;CALLE 39 # 4B-02;;
CESAR;VALLEDUPAR;UNIVERSIDAD ABIERTA Y A DISTAN;10.451232555950307, -73.23667757692982;16;CALLE 39 # 4B-02;;
CESAR;VALLEDUPAR;UNIVERSIDAD ABIERTA Y A DISTAN;10.451232555950307, -73.23667757692982;8;CALLE 39 # 4B-02;;
CESAR;VALLEDUPAR;UNIVERSIDAD ABIERTA Y A DISTAN;10.451232555950307, -73.23667757692982;12;CALLE 39 # 4B-02;;
CESAR;VALLEDUPAR;UNIVERSIDAD ABIERTA Y A DISTAN;10.451232555950307, -73.23667757692982;12;CALLE 39 # 4B-02;;
CESAR;VALLEDUPAR;UNIVERSIDAD ABIERTA Y A DISTAN;10.451232555950307, -73.23667757692982;7;CALLE 39 # 4B-02;;
CESAR;VALLEDUPAR;UNIVERSIDAD ABIERTA Y A DISTAN;10.451232555950307, -73.23667757692982;19;CALLE 39 # 4B-02;;
CESAR;VALLEDUPAR;UNIVERSIDAD ABIERTA Y A DISTAN;10.451232555950307, -73.23667757692982;8;CALLE 39 # 4B-02;;
CESAR;VALLEDUPAR;UNIVERSIDAD ABIERTA Y A DISTAN;10.451232555950307, -73.23667757692982;12;CALLE 39 # 4B-02;;
CESAR;VALLEDUPAR;UNIVERSIDAD ABIERTA Y A DISTAN;10.451232555950307, -73.23667757692982;6;CALLE 39 # 4B-02;;
CESAR;VALLEDUPAR;UNIVERSIDAD ABIERTA Y A DISTAN;10.451232555950307, -73.23667757692982;11;CALLE 39 # 4B-02;;
CESAR;VALLEDUPAR;UNIVERSIDAD ABIERTA Y A DISTAN;10.451232555950307, -73.23667757692982;11;CALLE 39 # 4B-02;;
CESAR;VALLEDUPAR;UNIVERSIDAD ABIERTA Y A DISTAN;10.451232555950307, -73.23667757692982;20;CALLE 39 # 4B-02;;
CESAR;VALLEDUPAR;UNIVERSIDAD ABIERTA Y A DISTAN;10.451232555950307, -73.23667757692982;7;CALLE 39 # 4B-02;;
CESAR;VALLEDUPAR;UNIVERSIDAD ABIERTA Y A DISTAN;10.451232555950307, -73.23667757692982;21;CALLE 39 # 4B-02;;
CESAR;VALLEDUPAR;UNIVERSIDAD ABIERTA Y A DISTAN;10.451232555950307, -73.23667757692982;12;CALLE 39 # 4B-02;;
CESAR;VALLEDUPAR;UNIVERSIDAD ABIERTA Y A DISTAN;10.451232555950307, -73.23667757692982;11;CALLE 39 # 4B-02;;
CESAR;VALLEDUPAR;UNIVERSIDAD ABIERTA Y A DISTAN;10.451232555950307, -73.23667757692982;10;CALLE 39 # 4B-02;;
CESAR;VALLEDUPAR;UNIVERSIDAD ABIERTA Y A DISTAN;10.451232555950307, -73.23667757692982;7;CALLE 39 # 4B-02;;
CESAR;VALLEDUPAR;UNIVERSIDAD ABIERTA Y A DISTAN;10.451232555950307, -73.23667757692982;4;CALLE 39 # 4B-02;;
CESAR;VALLEDUPAR;UNIVERSIDAD ABIERTA Y A DISTAN;10.451232555950307, -73.23667757692982;2;CALLE 39 # 4B-02;;
CESAR;VALLEDUPAR;CONC. MILCIADES CANTILLO;10.474477540805289, -73.24364006309119;9;CALLE 44 # 23 - 51;;
CESAR;VALLEDUPAR;CONC. MILCIADES CANTILLO;10.474477540805289, -73.24364006309119;10;CALLE 44 # 23 - 51;;
CESAR;VALLEDUPAR;CONC. MILCIADES CANTILLO;10.474477540805289, -73.24364006309119;9;CALLE 44 # 23 - 51;;
CESAR;VALLEDUPAR;CONC. MILCIADES CANTILLO;10.474477540805289, -73.24364006309119;8;CALLE 44 # 23 - 51;;
CESAR;VALLEDUPAR;CONC. MILCIADES CANTILLO;10.474477540805289, -73.24364006309119;10;CALLE 44 # 23 - 51;;
CESAR;VALLEDUPAR;CONC. MILCIADES CANTILLO;10.474477540805289, -73.24364006309119;8;CALLE 44 # 23 - 51;;
CESAR;VALLEDUPAR;CONC. MILCIADES CANTILLO;10.474477540805289, -73.24364006309119;16;CALLE 44 # 23 - 51;;
CESAR;VALLEDUPAR;CONC. MILCIADES CANTILLO;10.474477540805289, -73.24364006309119;13;CALLE 44 # 23 - 51;;
CESAR;VALLEDUPAR;CONC. MILCIADES CANTILLO;10.474477540805289, -73.24364006309119;16;CALLE 44 # 23 - 51;;
CESAR;VALLEDUPAR;CONC. MILCIADES CANTILLO;10.474477540805289, -73.24364006309119;8;CALLE 44 # 23 - 51;;
CESAR;VALLEDUPAR;CONC. MILCIADES CANTILLO;10.474477540805289, -73.24364006309119;5;CALLE 44 # 23 - 51;;
CESAR;VALLEDUPAR;CONC. MILCIADES CANTILLO;10.474477540805289, -73.24364006309119;5;CALLE 44 # 23 - 51;;
CESAR;VALLEDUPAR;CONC. MILCIADES CANTILLO;10.474477540805289, -73.24364006309119;11;CALLE 44 # 23 - 51;;
CESAR;VALLEDUPAR;CONC. MILCIADES CANTILLO;10.474477540805289, -73.24364006309119;11;CALLE 44 # 23 - 51;;
CESAR;VALLEDUPAR;CONC. MILCIADES CANTILLO;10.474477540805289, -73.24364006309119;18;CALLE 44 # 23 - 51;;
CESAR;VALLEDUPAR;CONC. MILCIADES CANTILLO;10.474477540805289, -73.24364006309119;8;CALLE 44 # 23 - 51;;
CESAR;VALLEDUPAR;CONC. MILCIADES CANTILLO;10.474477540805289, -73.24364006309119;14;CALLE 44 # 23 - 51;;
CESAR;VALLEDUPAR;CONC. MILCIADES CANTILLO;10.474477540805289, -73.24364006309119;8;CALLE 44 # 23 - 51;;
CESAR;VALLEDUPAR;CONC. MILCIADES CANTILLO;10.474477540805289, -73.24364006309119;13;CALLE 44 # 23 - 51;;
CESAR;VALLEDUPAR;CONC. MILCIADES CANTILLO;10.474477540805289, -73.24364006309119;13;CALLE 44 # 23 - 51;;
CESAR;VALLEDUPAR;CONC. MILCIADES CANTILLO;10.474477540805289, -73.24364006309119;9;CALLE 44 # 23 - 51;;
CESAR;VALLEDUPAR;CONC. MILCIADES CANTILLO;10.474477540805289, -73.24364006309119;15;CALLE 44 # 23 - 51;;
CESAR;VALLEDUPAR;CONC. MILCIADES CANTILLO;10.474477540805289, -73.24364006309119;9;CALLE 44 # 23 - 51;;
CESAR;VALLEDUPAR;CONC. MILCIADES CANTILLO;10.474477540805289, -73.24364006309119;8;CALLE 44 # 23 - 51;;
CESAR;VALLEDUPAR;CONC. MILCIADES CANTILLO;10.474477540805289, -73.24364006309119;5;CALLE 44 # 23 - 51;;
CESAR;VALLEDUPAR;CONC. MILCIADES CANTILLO;10.474477540805289, -73.24364006309119;5;CALLE 44 # 23 - 51;;
CESAR;VALLEDUPAR;CONC. MILCIADES CANTILLO;10.474477540805289, -73.24364006309119;8;CALLE 44 # 23 - 51;;
CESAR;VALLEDUPAR;CONC. MILCIADES CANTILLO;10.474477540805289, -73.24364006309119;13;CALLE 44 # 23 - 51;;
CESAR;VALLEDUPAR;CONC. MILCIADES CANTILLO;10.474477540805289, -73.24364006309119;9;CALLE 44 # 23 - 51;;
CESAR;VALLEDUPAR;CONC. MILCIADES CANTILLO;10.474477540805289, -73.24364006309119;8;CALLE 44 # 23 - 51;;
CESAR;VALLEDUPAR;CONC. MILCIADES CANTILLO;10.474477540805289, -73.24364006309119;6;CALLE 44 # 23 - 51;;
CESAR;VALLEDUPAR;CONC. MILCIADES CANTILLO;10.474477540805289, -73.24364006309119;8;CALLE 44 # 23 - 51;;
CESAR;VALLEDUPAR;CONC. MILCIADES CANTILLO;10.474477540805289, -73.24364006309119;12;CALLE 44 # 23 - 51;;
CESAR;VALLEDUPAR;CONC. MILCIADES CANTILLO;10.474477540805289, -73.24364006309119;4;CALLE 44 # 23 - 51;;
CESAR;VALLEDUPAR;CONC. ALFONSO ARAUJO COTES;10.449814567422267, -73.25078486309151;6;CARRERA 22 # 35 - 50;;
CESAR;VALLEDUPAR;CONC. ALFONSO ARAUJO COTES;10.449814567422267, -73.25078486309151;10;CARRERA 22 # 35 - 50;;
CESAR;VALLEDUPAR;CONC. ALFONSO ARAUJO COTES;10.449814567422267, -73.25078486309151;15;CARRERA 22 # 35 - 50;;
CESAR;VALLEDUPAR;CONC. ALFONSO ARAUJO COTES;10.449814567422267, -73.25078486309151;12;CARRERA 22 # 35 - 50;;
CESAR;VALLEDUPAR;CONC. ALFONSO ARAUJO COTES;10.449814567422267, -73.25078486309151;16;CARRERA 22 # 35 - 50;;
CESAR;VALLEDUPAR;CONC. ALFONSO ARAUJO COTES;10.449814567422267, -73.25078486309151;21;CARRERA 22 # 35 - 50;;
CESAR;VALLEDUPAR;CONC. ALFONSO ARAUJO COTES;10.449814567422267, -73.25078486309151;14;CARRERA 22 # 35 - 50;;
CESAR;VALLEDUPAR;CONC. ALFONSO ARAUJO COTES;10.449814567422267, -73.25078486309151;21;CARRERA 22 # 35 - 50;;
CESAR;VALLEDUPAR;CONC. ALFONSO ARAUJO COTES;10.449814567422267, -73.25078486309151;15;CARRERA 22 # 35 - 50;;
CESAR;VALLEDUPAR;CONC. ALFONSO ARAUJO COTES;10.449814567422267, -73.25078486309151;21;CARRERA 22 # 35 - 50;;
CESAR;VALLEDUPAR;CONC. ALFONSO ARAUJO COTES;10.449814567422267, -73.25078486309151;17;CARRERA 22 # 35 - 50;;
CESAR;VALLEDUPAR;CONC. ALFONSO ARAUJO COTES;10.449814567422267, -73.25078486309151;12;CARRERA 22 # 35 - 50;;
CESAR;VALLEDUPAR;CONC. ALFONSO ARAUJO COTES;10.449814567422267, -73.25078486309151;9;CARRERA 22 # 35 - 50;;
CESAR;VALLEDUPAR;CONC. ALFONSO ARAUJO COTES;10.449814567422267, -73.25078486309151;20;CARRERA 22 # 35 - 50;;
CESAR;VALLEDUPAR;CONC. ALFONSO ARAUJO COTES;10.449814567422267, -73.25078486309151;6;CARRERA 22 # 35 - 50;;
CESAR;VALLEDUPAR;CONC. ALFONSO ARAUJO COTES;10.449814567422267, -73.25078486309151;8;CARRERA 22 # 35 - 50;;
CESAR;VALLEDUPAR;CONC. ALFONSO ARAUJO COTES;10.449814567422267, -73.25078486309151;11;CARRERA 22 # 35 - 50;;
CESAR;VALLEDUPAR;CONC. ALFONSO ARAUJO COTES;10.449814567422267, -73.25078486309151;8;CARRERA 22 # 35 - 50;;
CESAR;VALLEDUPAR;CONC. ALFONSO ARAUJO COTES;10.449814567422267, -73.25078486309151;9;CARRERA 22 # 35 - 50;;
CESAR;VALLEDUPAR;CONC. ALFONSO ARAUJO COTES;10.449814567422267, -73.25078486309151;6;CARRERA 22 # 35 - 50;;
CESAR;VALLEDUPAR;CONC. ALFONSO ARAUJO COTES;10.449814567422267, -73.25078486309151;8;CARRERA 22 # 35 - 50;;
CESAR;VALLEDUPAR;CONC. ALFONSO ARAUJO COTES;10.449814567422267, -73.25078486309151;11;CARRERA 22 # 35 - 50;;
CESAR;VALLEDUPAR;INST. TEC. ENRIQUE PUPO;10.451555060548477, -73.25710393425547;9;CARRERA 26 # 29 - 07;;
CESAR;VALLEDUPAR;INST. TEC. ENRIQUE PUPO;10.451555060548477, -73.25710393425547;7;CARRERA 26 # 29 - 07;;
CESAR;VALLEDUPAR;INST. TEC. ENRIQUE PUPO;10.451555060548477, -73.25710393425547;13;CARRERA 26 # 29 - 07;;
CESAR;VALLEDUPAR;INST. TEC. ENRIQUE PUPO;10.451555060548477, -73.25710393425547;9;CARRERA 26 # 29 - 07;;
CESAR;VALLEDUPAR;INST. TEC. ENRIQUE PUPO;10.451555060548477, -73.25710393425547;2;CARRERA 26 # 29 - 07;;
CESAR;VALLEDUPAR;INST. TEC. ENRIQUE PUPO;10.451555060548477, -73.25710393425547;11;CARRERA 26 # 29 - 07;;
CESAR;VALLEDUPAR;INST. TEC. ENRIQUE PUPO;10.451555060548477, -73.25710393425547;16;CARRERA 26 # 29 - 07;;
CESAR;VALLEDUPAR;INST. TEC. ENRIQUE PUPO;10.451555060548477, -73.25710393425547;13;CARRERA 26 # 29 - 07;;
CESAR;VALLEDUPAR;INST. TEC. ENRIQUE PUPO;10.451555060548477, -73.25710393425547;9;CARRERA 26 # 29 - 07;;
CESAR;VALLEDUPAR;INST. TEC. ENRIQUE PUPO;10.451555060548477, -73.25710393425547;10;CARRERA 26 # 29 - 07;;
CESAR;VALLEDUPAR;INST. TEC. ENRIQUE PUPO;10.451555060548477, -73.25710393425547;2;CARRERA 26 # 29 - 07;;
CESAR;VALLEDUPAR;INST. TEC. ENRIQUE PUPO;10.451555060548477, -73.25710393425547;5;CARRERA 26 # 29 - 07;;
CESAR;VALLEDUPAR;INST. TEC. ENRIQUE PUPO;10.451555060548477, -73.25710393425547;2;CARRERA 26 # 29 - 07;;
CESAR;VALLEDUPAR;INST. TEC. ENRIQUE PUPO;10.451555060548477, -73.25710393425547;7;CARRERA 26 # 29 - 07;;
CESAR;VALLEDUPAR;INST. TEC. ENRIQUE PUPO;10.451555060548477, -73.25710393425547;5;CARRERA 26 # 29 - 07;;
CESAR;VALLEDUPAR;INST. TEC. ENRIQUE PUPO;10.451555060548477, -73.25710393425547;11;CARRERA 26 # 29 - 07;;
CESAR;VALLEDUPAR;INST. TEC. ENRIQUE PUPO;10.451555060548477, -73.25710393425547;9;CARRERA 26 # 29 - 07;;
CESAR;VALLEDUPAR;INST. TEC. ENRIQUE PUPO;10.451555060548477, -73.25710393425547;7;CARRERA 26 # 29 - 07;;
CESAR;VALLEDUPAR;INST. TEC. ENRIQUE PUPO;10.451555060548477, -73.25710393425547;6;CARRERA 26 # 29 - 07;;
CESAR;VALLEDUPAR;INST. TEC. ENRIQUE PUPO;10.451555060548477, -73.25710393425547;13;CARRERA 26 # 29 - 07;;
CESAR;VALLEDUPAR;I.E. RAFAEL VALLE MEZA;10.457339354345736, -73.25159629192736;11;;;
CESAR;VALLEDUPAR;I.E. RAFAEL VALLE MEZA;10.457339354345736, -73.25159629192736;9;;;
CESAR;VALLEDUPAR;I.E. RAFAEL VALLE MEZA;10.457339354345736, -73.25159629192736;11;;;
CESAR;VALLEDUPAR;I.E. RAFAEL VALLE MEZA;10.457339354345736, -73.25159629192736;14;;;
CESAR;VALLEDUPAR;I.E. RAFAEL VALLE MEZA;10.457339354345736, -73.25159629192736;13;;;
CESAR;VALLEDUPAR;I.E. RAFAEL VALLE MEZA;10.457339354345736, -73.25159629192736;12;;;
CESAR;VALLEDUPAR;I.E. RAFAEL VALLE MEZA;10.457339354345736, -73.25159629192736;13;;;
CESAR;VALLEDUPAR;I.E. RAFAEL VALLE MEZA;10.457339354345736, -73.25159629192736;14;;;
CESAR;VALLEDUPAR;I.E. RAFAEL VALLE MEZA;10.457339354345736, -73.25159629192736;14;;;
CESAR;VALLEDUPAR;I.E. RAFAEL VALLE MEZA;10.457339354345736, -73.25159629192736;21;;;
CESAR;VALLEDUPAR;I.E. RAFAEL VALLE MEZA;10.457339354345736, -73.25159629192736;15;;;
CESAR;VALLEDUPAR;I.E. RAFAEL VALLE MEZA;10.457339354345736, -73.25159629192736;13;;;
CESAR;VALLEDUPAR;I.E. RAFAEL VALLE MEZA;10.457339354345736, -73.25159629192736;7;;;
CESAR;VALLEDUPAR;I.E. RAFAEL VALLE MEZA;10.457339354345736, -73.25159629192736;15;;;
CESAR;VALLEDUPAR;I.E. RAFAEL VALLE MEZA;10.457339354345736, -73.25159629192736;9;;;
CESAR;VALLEDUPAR;I.E. RAFAEL VALLE MEZA;10.457339354345736, -73.25159629192736;19;;;
CESAR;VALLEDUPAR;I.E. RAFAEL VALLE MEZA;10.457339354345736, -73.25159629192736;9;;;
CESAR;VALLEDUPAR;I.E. RAFAEL VALLE MEZA;10.457339354345736, -73.25159629192736;15;;;
CESAR;VALLEDUPAR;I.E. RAFAEL VALLE MEZA;10.457339354345736, -73.25159629192736;9;;;
CESAR;VALLEDUPAR;I.E. RAFAEL VALLE MEZA;10.457339354345736, -73.25159629192736;17;;;
CESAR;VALLEDUPAR;I.E. RAFAEL VALLE MEZA;10.457339354345736, -73.25159629192736;7;;;
CESAR;VALLEDUPAR;I.E. JOAQUIN OCHOA MAESTRE;10.436781975780328, -73.25351971891168;10;CALLE 9 # 25 - 95;;
CESAR;VALLEDUPAR;I.E. JOAQUIN OCHOA MAESTRE;10.436781975780328, -73.25351971891168;8;CALLE 9 # 25 - 95;;
CESAR;VALLEDUPAR;I.E. JOAQUIN OCHOA MAESTRE;10.436781975780328, -73.25351971891168;5;CALLE 9 # 25 - 95;;
CESAR;VALLEDUPAR;I.E. JOAQUIN OCHOA MAESTRE;10.436781975780328, -73.25351971891168;7;CALLE 9 # 25 - 95;;
CESAR;VALLEDUPAR;I.E. JOAQUIN OCHOA MAESTRE;10.436781975780328, -73.25351971891168;7;CALLE 9 # 25 - 95;;
CESAR;VALLEDUPAR;I.E. JOAQUIN OCHOA MAESTRE;10.436781975780328, -73.25351971891168;10;CALLE 9 # 25 - 95;;
CESAR;VALLEDUPAR;I.E. JOAQUIN OCHOA MAESTRE;10.436781975780328, -73.25351971891168;8;CALLE 9 # 25 - 95;;
CESAR;VALLEDUPAR;I.E. JOAQUIN OCHOA MAESTRE;10.436781975780328, -73.25351971891168;6;CALLE 9 # 25 - 95;;
CESAR;VALLEDUPAR;I.E. JOAQUIN OCHOA MAESTRE;10.436781975780328, -73.25351971891168;8;CALLE 9 # 25 - 95;;
CESAR;VALLEDUPAR;I.E. JOAQUIN OCHOA MAESTRE;10.436781975780328, -73.25351971891168;11;CALLE 9 # 25 - 95;;
CESAR;VALLEDUPAR;I.E. JOAQUIN OCHOA MAESTRE;10.436781975780328, -73.25351971891168;5;CALLE 9 # 25 - 95;;
CESAR;VALLEDUPAR;I.E. JOAQUIN OCHOA MAESTRE;10.436781975780328, -73.25351971891168;9;CALLE 9 # 25 - 95;;
CESAR;VALLEDUPAR;I.E. JOAQUIN OCHOA MAESTRE;10.436781975780328, -73.25351971891168;11;CALLE 9 # 25 - 95;;
CESAR;VALLEDUPAR;I.E. JOAQUIN OCHOA MAESTRE;10.436781975780328, -73.25351971891168;10;CALLE 9 # 25 - 95;;
CESAR;VALLEDUPAR;I.E. JOAQUIN OCHOA MAESTRE;10.436781975780328, -73.25351971891168;7;CALLE 9 # 25 - 95;;
CESAR;VALLEDUPAR;I.E. JOAQUIN OCHOA MAESTRE;10.436781975780328, -73.25351971891168;5;CALLE 9 # 25 - 95;;
CESAR;VALLEDUPAR;I.E. JOAQUIN OCHOA MAESTRE;10.436781975780328, -73.25351971891168;2;CALLE 9 # 25 - 95;;
CESAR;VALLEDUPAR;COL. JOSE EUGENIO MARTINEZ;10.45382240633685, -73.26684390727151;12;;;
CESAR;VALLEDUPAR;COL. JOSE EUGENIO MARTINEZ;10.45382240633685, -73.26684390727151;12;;;
CESAR;VALLEDUPAR;COL. JOSE EUGENIO MARTINEZ;10.45382240633685, -73.26684390727151;4;;;
CESAR;VALLEDUPAR;COL. JOSE EUGENIO MARTINEZ;10.45382240633685, -73.26684390727151;12;;;
CESAR;VALLEDUPAR;COL. JOSE EUGENIO MARTINEZ;10.45382240633685, -73.26684390727151;8;;;
CESAR;VALLEDUPAR;COL. JOSE EUGENIO MARTINEZ;10.45382240633685, -73.26684390727151;12;;;
CESAR;VALLEDUPAR;COL. JOSE EUGENIO MARTINEZ;10.45382240633685, -73.26684390727151;10;;;
CESAR;VALLEDUPAR;COL. JOSE EUGENIO MARTINEZ;10.45382240633685, -73.26684390727151;8;;;
CESAR;VALLEDUPAR;COL. JOSE EUGENIO MARTINEZ;10.45382240633685, -73.26684390727151;11;;;
CESAR;VALLEDUPAR;COL. JOSE EUGENIO MARTINEZ;10.45382240633685, -73.26684390727151;5;;;
CESAR;VALLEDUPAR;COL. JOSE EUGENIO MARTINEZ;10.45382240633685, -73.26684390727151;14;;;
CESAR;VALLEDUPAR;COL. JOSE EUGENIO MARTINEZ;10.45382240633685, -73.26684390727151;10;;;
CESAR;VALLEDUPAR;COL. JOSE EUGENIO MARTINEZ;10.45382240633685, -73.26684390727151;9;;;
CESAR;VALLEDUPAR;COL. JOSE EUGENIO MARTINEZ;10.45382240633685, -73.26684390727151;9;;;
CESAR;VALLEDUPAR;COL. JOSE EUGENIO MARTINEZ;10.45382240633685, -73.26684390727151;12;;;
CESAR;VALLEDUPAR;COL. JOSE EUGENIO MARTINEZ;10.45382240633685, -73.26684390727151;17;;;
CESAR;VALLEDUPAR;COL. JOSE EUGENIO MARTINEZ;10.45382240633685, -73.26684390727151;15;;;
CESAR;VALLEDUPAR;COL. JOSE EUGENIO MARTINEZ;10.45382240633685, -73.26684390727151;12;;;
CESAR;VALLEDUPAR;COL. JOSE EUGENIO MARTINEZ;10.45382240633685, -73.26684390727151;13;;;
CESAR;VALLEDUPAR;COL. JOSE EUGENIO MARTINEZ;10.45382240633685, -73.26684390727151;12;;;
CESAR;VALLEDUPAR;COL. JOSE EUGENIO MARTINEZ;10.45382240633685, -73.26684390727151;20;;;
CESAR;VALLEDUPAR;COL. JOSE EUGENIO MARTINEZ;10.45382240633685, -73.26684390727151;25;;;
CESAR;VALLEDUPAR;COL. JOSE EUGENIO MARTINEZ;10.45382240633685, -73.26684390727151;13;;;
CESAR;VALLEDUPAR;COL. JOSE EUGENIO MARTINEZ;10.45382240633685, -73.26684390727151;8;;;
CESAR;VALLEDUPAR;COL. JOSE EUGENIO MARTINEZ;10.45382240633685, -73.26684390727151;18;;;
CESAR;VALLEDUPAR;COL. JOSE EUGENIO MARTINEZ;10.45382240633685, -73.26684390727151;11;;;
CESAR;VALLEDUPAR;COL. JOSE EUGENIO MARTINEZ;10.45382240633685, -73.26684390727151;14;;;
CESAR;VALLEDUPAR;COL. JOSE EUGENIO MARTINEZ;10.45382240633685, -73.26684390727151;11;;;
CESAR;VALLEDUPAR;COL. JOSE EUGENIO MARTINEZ;10.45382240633685, -73.26684390727151;10;;;
CESAR;VALLEDUPAR;COL. JOSE EUGENIO MARTINEZ;10.45382240633685, -73.26684390727151;8;;;
CESAR;VALLEDUPAR;COL. JOSE EUGENIO MARTINEZ;10.45382240633685, -73.26684390727151;17;;;
CESAR;VALLEDUPAR;COL. JOSE EUGENIO MARTINEZ;10.45382240633685, -73.26684390727151;14;;;
CESAR;VALLEDUPAR;COL. JOSE EUGENIO MARTINEZ;10.45382240633685, -73.26684390727151;14;;;
CESAR;VALLEDUPAR;COL. JOSE EUGENIO MARTINEZ;10.45382240633685, -73.26684390727151;8;;;
CESAR;VALLEDUPAR;COL. JOSE EUGENIO MARTINEZ;10.45382240633685, -73.26684390727151;11;;;
CESAR;VALLEDUPAR;COL. JOSE EUGENIO MARTINEZ;10.45382240633685, -73.26684390727151;7;;;
CESAR;VALLEDUPAR;COL. JOSE EUGENIO MARTINEZ;10.45382240633685, -73.26684390727151;17;;;
CESAR;VALLEDUPAR;COL. JOSE EUGENIO MARTINEZ;10.45382240633685, -73.26684390727151;15;;;
CESAR;VALLEDUPAR;COL. JOSE EUGENIO MARTINEZ;10.45382240633685, -73.26684390727151;14;;;
CESAR;VALLEDUPAR;COL. JOSE EUGENIO MARTINEZ;10.45382240633685, -73.26684390727151;17;;;
CESAR;VALLEDUPAR;COL. JOSE EUGENIO MARTINEZ;10.45382240633685, -73.26684390727151;7;;;
CESAR;VALLEDUPAR;COL. JOSE EUGENIO MARTINEZ;10.45382240633685, -73.26684390727151;9;;;
CESAR;VALLEDUPAR;COL. JOSE EUGENIO MARTINEZ;10.45382240633685, -73.26684390727151;5;;;
CESAR;VALLEDUPAR;COL. JOSE EUGENIO MARTINEZ;10.45382240633685, -73.26684390727151;7;;;
CESAR;VALLEDUPAR;COL. NACIONALIZADO UPAR;10.459179403484743, -73.25960550541944;2;DIAGONAL 19 # 23-14;;
CESAR;VALLEDUPAR;COL. NACIONALIZADO UPAR;10.459179403484743, -73.25960550541944;9;DIAGONAL 19 # 23-14;;
CESAR;VALLEDUPAR;COL. NACIONALIZADO UPAR;10.459179403484743, -73.25960550541944;8;DIAGONAL 19 # 23-14;;
CESAR;VALLEDUPAR;COL. NACIONALIZADO UPAR;10.459179403484743, -73.25960550541944;15;DIAGONAL 19 # 23-14;;
CESAR;VALLEDUPAR;COL. NACIONALIZADO UPAR;10.459179403484743, -73.25960550541944;12;DIAGONAL 19 # 23-14;;
CESAR;VALLEDUPAR;COL. NACIONALIZADO UPAR;10.459179403484743, -73.25960550541944;11;DIAGONAL 19 # 23-14;;
CESAR;VALLEDUPAR;COL. NACIONALIZADO UPAR;10.459179403484743, -73.25960550541944;10;DIAGONAL 19 # 23-14;;
CESAR;VALLEDUPAR;COL. NACIONALIZADO UPAR;10.459179403484743, -73.25960550541944;9;DIAGONAL 19 # 23-14;;
CESAR;VALLEDUPAR;COL. NACIONALIZADO UPAR;10.459179403484743, -73.25960550541944;15;DIAGONAL 19 # 23-14;;
CESAR;VALLEDUPAR;COL. NACIONALIZADO UPAR;10.459179403484743, -73.25960550541944;16;DIAGONAL 19 # 23-14;;
CESAR;VALLEDUPAR;COL. NACIONALIZADO UPAR;10.459179403484743, -73.25960550541944;9;DIAGONAL 19 # 23-14;;
CESAR;VALLEDUPAR;COL. NACIONALIZADO UPAR;10.459179403484743, -73.25960550541944;17;DIAGONAL 19 # 23-14;;
CESAR;VALLEDUPAR;COL. NACIONALIZADO UPAR;10.459179403484743, -73.25960550541944;14;DIAGONAL 19 # 23-14;;
CESAR;VALLEDUPAR;COL. NACIONALIZADO UPAR;10.459179403484743, -73.25960550541944;3;DIAGONAL 19 # 23-14;;
CESAR;VALLEDUPAR;COL. NACIONALIZADO UPAR;10.459179403484743, -73.25960550541944;21;DIAGONAL 19 # 23-14;;
CESAR;VALLEDUPAR;COL. NACIONALIZADO UPAR;10.459179403484743, -73.25960550541944;7;DIAGONAL 19 # 23-14;;
CESAR;VALLEDUPAR;COL. NACIONALIZADO UPAR;10.459179403484743, -73.25960550541944;8;DIAGONAL 19 # 23-14;;
CESAR;VALLEDUPAR;COL. NACIONALIZADO UPAR;10.459179403484743, -73.25960550541944;12;DIAGONAL 19 # 23-14;;
CESAR;VALLEDUPAR;COL. NACIONALIZADO UPAR;10.459179403484743, -73.25960550541944;8;DIAGONAL 19 # 23-14;;
CESAR;VALLEDUPAR;COL. NACIONALIZADO UPAR;10.459179403484743, -73.25960550541944;16;DIAGONAL 19 # 23-14;;
CESAR;VALLEDUPAR;COL. NACIONALIZADO UPAR;10.459179403484743, -73.25960550541944;4;DIAGONAL 19 # 23-14;;
CESAR;VALLEDUPAR;COL. NACIONALIZADO UPAR;10.459179403484743, -73.25960550541944;14;DIAGONAL 19 # 23-14;;
CESAR;VALLEDUPAR;COL. NACIONALIZADO UPAR;10.459179403484743, -73.25960550541944;15;DIAGONAL 19 # 23-14;;
CESAR;VALLEDUPAR;COL. NACIONALIZADO UPAR;10.459179403484743, -73.25960550541944;3;DIAGONAL 19 # 23-14;;
CESAR;VALLEDUPAR;COL. NACIONALIZADO UPAR;10.459179403484743, -73.25960550541944;11;DIAGONAL 19 # 23-14;;
CESAR;VALLEDUPAR;COL. NACIONALIZADO UPAR;10.459179403484743, -73.25960550541944;10;DIAGONAL 19 # 23-14;;
CESAR;VALLEDUPAR;COL. NACIONALIZADO UPAR;10.459179403484743, -73.25960550541944;13;DIAGONAL 19 # 23-14;;
CESAR;VALLEDUPAR;COL. NACIONALIZADO UPAR;10.459179403484743, -73.25960550541944;16;DIAGONAL 19 # 23-14;;
CESAR;VALLEDUPAR;COL. NACIONALIZADO UPAR;10.459179403484743, -73.25960550541944;13;DIAGONAL 19 # 23-14;;
CESAR;VALLEDUPAR;COL. NACIONALIZADO UPAR;10.459179403484743, -73.25960550541944;8;DIAGONAL 19 # 23-14;;
CESAR;VALLEDUPAR;COL. NACIONALIZADO UPAR;10.459179403484743, -73.25960550541944;12;DIAGONAL 19 # 23-14;;
CESAR;VALLEDUPAR;COL. NACIONALIZADO UPAR;10.459179403484743, -73.25960550541944;13;DIAGONAL 19 # 23-14;;
CESAR;VALLEDUPAR;COL. NACIONALIZADO UPAR;10.459179403484743, -73.25960550541944;7;DIAGONAL 19 # 23-14;;
CESAR;VALLEDUPAR;INST. TEC. VILLA CORELCA;10.461861548857128, -73.2677692630914;6;DIAGONAL 16B # 24BIS - 52;;
CESAR;VALLEDUPAR;INST. TEC. VILLA CORELCA;10.461861548857128, -73.2677692630914;7;DIAGONAL 16B # 24BIS - 52;;
CESAR;VALLEDUPAR;INST. TEC. VILLA CORELCA;10.461861548857128, -73.2677692630914;12;DIAGONAL 16B # 24BIS - 52;;
CESAR;VALLEDUPAR;INST. TEC. VILLA CORELCA;10.461861548857128, -73.2677692630914;14;DIAGONAL 16B # 24BIS - 52;;
CESAR;VALLEDUPAR;INST. TEC. VILLA CORELCA;10.461861548857128, -73.2677692630914;11;DIAGONAL 16B # 24BIS - 52;;
CESAR;VALLEDUPAR;INST. TEC. VILLA CORELCA;10.461861548857128, -73.2677692630914;10;DIAGONAL 16B # 24BIS - 52;;
CESAR;VALLEDUPAR;INST. TEC. VILLA CORELCA;10.461861548857128, -73.2677692630914;11;DIAGONAL 16B # 24BIS - 52;;
CESAR;VALLEDUPAR;INST. TEC. VILLA CORELCA;10.461861548857128, -73.2677692630914;13;DIAGONAL 16B # 24BIS - 52;;
CESAR;VALLEDUPAR;INST. TEC. VILLA CORELCA;10.461861548857128, -73.2677692630914;10;DIAGONAL 16B # 24BIS - 52;;
CESAR;VALLEDUPAR;INST. TEC. VILLA CORELCA;10.461861548857128, -73.2677692630914;8;DIAGONAL 16B # 24BIS - 52;;
CESAR;VALLEDUPAR;INST. TEC. VILLA CORELCA;10.461861548857128, -73.2677692630914;13;DIAGONAL 16B # 24BIS - 52;;
CESAR;VALLEDUPAR;INST. TEC. VILLA CORELCA;10.461861548857128, -73.2677692630914;7;DIAGONAL 16B # 24BIS - 52;;
CESAR;VALLEDUPAR;INST. TEC. VILLA CORELCA;10.461861548857128, -73.2677692630914;6;DIAGONAL 16B # 24BIS - 52;;
CESAR;VALLEDUPAR;INST. TEC. VILLA CORELCA;10.461861548857128, -73.2677692630914;8;DIAGONAL 16B # 24BIS - 52;;
CESAR;VALLEDUPAR;INST. TEC. VILLA CORELCA;10.461861548857128, -73.2677692630914;3;DIAGONAL 16B # 24BIS - 52;;
CESAR;VALLEDUPAR;ESCUELA MIXTA NO 4;10.466727846029155, -73.25821185356737;6;CALLE 16B # 19B - 14;;
CESAR;VALLEDUPAR;ESCUELA MIXTA NO 4;10.466727846029155, -73.25821185356737;6;CALLE 16B # 19B - 14;;
CESAR;VALLEDUPAR;ESCUELA MIXTA NO 4;10.466727846029155, -73.25821185356737;10;CALLE 16B # 19B - 14;;
CESAR;VALLEDUPAR;ESCUELA MIXTA NO 4;10.466727846029155, -73.25821185356737;12;CALLE 16B # 19B - 14;;
CESAR;VALLEDUPAR;ESCUELA MIXTA NO 4;10.466727846029155, -73.25821185356737;12;CALLE 16B # 19B - 14;;
CESAR;VALLEDUPAR;ESCUELA MIXTA NO 4;10.466727846029155, -73.25821185356737;14;CALLE 16B # 19B - 14;;
CESAR;VALLEDUPAR;ESCUELA MIXTA NO 4;10.466727846029155, -73.25821185356737;17;CALLE 16B # 19B - 14;;
CESAR;VALLEDUPAR;ESCUELA MIXTA NO 4;10.466727846029155, -73.25821185356737;24;CALLE 16B # 19B - 14;;
CESAR;VALLEDUPAR;ESCUELA MIXTA NO 4;10.466727846029155, -73.25821185356737;20;CALLE 16B # 19B - 14;;
CESAR;VALLEDUPAR;ESCUELA MIXTA NO 4;10.466727846029155, -73.25821185356737;23;CALLE 16B # 19B - 14;;
CESAR;VALLEDUPAR;ESCUELA MIXTA NO 4;10.466727846029155, -73.25821185356737;12;CALLE 16B # 19B - 14;;
CESAR;VALLEDUPAR;ESCUELA MIXTA NO 4;10.466727846029155, -73.25821185356737;16;CALLE 16B # 19B - 14;;
CESAR;VALLEDUPAR;ESCUELA MIXTA NO 4;10.466727846029155, -73.25821185356737;18;CALLE 16B # 19B - 14;;
CESAR;VALLEDUPAR;ESCUELA MIXTA NO 4;10.466727846029155, -73.25821185356737;12;CALLE 16B # 19B - 14;;
CESAR;VALLEDUPAR;ESCUELA MIXTA NO 4;10.466727846029155, -73.25821185356737;11;CALLE 16B # 19B - 14;;
CESAR;VALLEDUPAR;ESCUELA MIXTA NO 4;10.466727846029155, -73.25821185356737;12;CALLE 16B # 19B - 14;;
CESAR;VALLEDUPAR;ESCUELA MIXTA NO 4;10.466727846029155, -73.25821185356737;10;CALLE 16B # 19B - 14;;
CESAR;VALLEDUPAR;ESCUELA MIXTA NO 4;10.466727846029155, -73.25821185356737;7;CALLE 16B # 19B - 14;;
CESAR;VALLEDUPAR;ESCUELA MIXTA NO 4;10.466727846029155, -73.25821185356737;5;CALLE 16B # 19B - 14;;
CESAR;VALLEDUPAR;I.E. CONSUELO ARAUJO NOGUERA;10.44406326472961, -73.27534376309157;19;CARRERA 38 # 20 - 04;;
CESAR;VALLEDUPAR;I.E. CONSUELO ARAUJO NOGUERA;10.44406326472961, -73.27534376309157;9;CARRERA 38 # 20 - 04;;
CESAR;VALLEDUPAR;I.E. CONSUELO ARAUJO NOGUERA;10.44406326472961, -73.27534376309157;11;CARRERA 38 # 20 - 04;;
CESAR;VALLEDUPAR;I.E. CONSUELO ARAUJO NOGUERA;10.44406326472961, -73.27534376309157;11;CARRERA 38 # 20 - 04;;
CESAR;VALLEDUPAR;I.E. CONSUELO ARAUJO NOGUERA;10.44406326472961, -73.27534376309157;11;CARRERA 38 # 20 - 04;;
CESAR;VALLEDUPAR;I.E. CONSUELO ARAUJO NOGUERA;10.44406326472961, -73.27534376309157;13;CARRERA 38 # 20 - 04;;
CESAR;VALLEDUPAR;I.E. CONSUELO ARAUJO NOGUERA;10.44406326472961, -73.27534376309157;23;CARRERA 38 # 20 - 04;;
CESAR;VALLEDUPAR;I.E. CONSUELO ARAUJO NOGUERA;10.44406326472961, -73.27534376309157;13;CARRERA 38 # 20 - 04;;
CESAR;VALLEDUPAR;I.E. CONSUELO ARAUJO NOGUERA;10.44406326472961, -73.27534376309157;16;CARRERA 38 # 20 - 04;;
CESAR;VALLEDUPAR;I.E. CONSUELO ARAUJO NOGUERA;10.44406326472961, -73.27534376309157;8;CARRERA 38 # 20 - 04;;
CESAR;VALLEDUPAR;I.E. CONSUELO ARAUJO NOGUERA;10.44406326472961, -73.27534376309157;7;CARRERA 38 # 20 - 04;;
CESAR;VALLEDUPAR;I.E. CONSUELO ARAUJO NOGUERA;10.44406326472961, -73.27534376309157;7;CARRERA 38 # 20 - 04;;
CESAR;VALLEDUPAR;I.E. CONSUELO ARAUJO NOGUERA;10.44406326472961, -73.27534376309157;14;CARRERA 38 # 20 - 04;;
CESAR;VALLEDUPAR;I.E. CONSUELO ARAUJO NOGUERA;10.44406326472961, -73.27534376309157;7;CARRERA 38 # 20 - 04;;
CESAR;VALLEDUPAR;I.E. CONSUELO ARAUJO NOGUERA;10.44406326472961, -73.27534376309157;8;CARRERA 38 # 20 - 04;;
CESAR;VALLEDUPAR;I.E. CONSUELO ARAUJO NOGUERA;10.44406326472961, -73.27534376309157;8;CARRERA 38 # 20 - 04;;
CESAR;VALLEDUPAR;I.E. CONSUELO ARAUJO NOGUERA;10.44406326472961, -73.27534376309157;15;CARRERA 38 # 20 - 04;;
CESAR;VALLEDUPAR;I.E. CONSUELO ARAUJO NOGUERA;10.44406326472961, -73.27534376309157;6;CARRERA 38 # 20 - 04;;
CESAR;VALLEDUPAR;I.E. CONSUELO ARAUJO NOGUERA;10.44406326472961, -73.27534376309157;5;CARRERA 38 # 20 - 04;;
CESAR;VALLEDUPAR;I.E. CONSUELO ARAUJO NOGUERA;10.44406326472961, -73.27534376309157;9;CARRERA 38 # 20 - 04;;
CESAR;VALLEDUPAR;COL. NACIONALIZADO ALFONSO LOP;10.47264519058302, -73.2601342054192;12;CALLE 13B BIS # 19 - 120;;
CESAR;VALLEDUPAR;COL. NACIONALIZADO ALFONSO LOP;10.47264519058302, -73.2601342054192;16;CALLE 13B BIS # 19 - 120;;
CESAR;VALLEDUPAR;COL. NACIONALIZADO ALFONSO LOP;10.47264519058302, -73.2601342054192;18;CALLE 13B BIS # 19 - 120;;
CESAR;VALLEDUPAR;COL. NACIONALIZADO ALFONSO LOP;10.47264519058302, -73.2601342054192;11;CALLE 13B BIS # 19 - 120;;
CESAR;VALLEDUPAR;COL. NACIONALIZADO ALFONSO LOP;10.47264519058302, -73.2601342054192;21;CALLE 13B BIS # 19 - 120;;
CESAR;VALLEDUPAR;COL. NACIONALIZADO ALFONSO LOP;10.47264519058302, -73.2601342054192;26;CALLE 13B BIS # 19 - 120;;
CESAR;VALLEDUPAR;COL. NACIONALIZADO ALFONSO LOP;10.47264519058302, -73.2601342054192;16;CALLE 13B BIS # 19 - 120;;
CESAR;VALLEDUPAR;COL. NACIONALIZADO ALFONSO LOP;10.47264519058302, -73.2601342054192;18;CALLE 13B BIS # 19 - 120;;
CESAR;VALLEDUPAR;COL. NACIONALIZADO ALFONSO LOP;10.47264519058302, -73.2601342054192;15;CALLE 13B BIS # 19 - 120;;
CESAR;VALLEDUPAR;COL. NACIONALIZADO ALFONSO LOP;10.47264519058302, -73.2601342054192;11;CALLE 13B BIS # 19 - 120;;
CESAR;VALLEDUPAR;COL. NACIONALIZADO ALFONSO LOP;10.47264519058302, -73.2601342054192;24;CALLE 13B BIS # 19 - 120;;
CESAR;VALLEDUPAR;COL. NACIONALIZADO ALFONSO LOP;10.47264519058302, -73.2601342054192;22;CALLE 13B BIS # 19 - 120;;
CESAR;VALLEDUPAR;COL. NACIONALIZADO ALFONSO LOP;10.47264519058302, -73.2601342054192;14;CALLE 13B BIS # 19 - 120;;
CESAR;VALLEDUPAR;COL. NACIONALIZADO ALFONSO LOP;10.47264519058302, -73.2601342054192;15;CALLE 13B BIS # 19 - 120;;
CESAR;VALLEDUPAR;COL. NACIONALIZADO ALFONSO LOP;10.47264519058302, -73.2601342054192;14;CALLE 13B BIS # 19 - 120;;
CESAR;VALLEDUPAR;COL. NACIONALIZADO ALFONSO LOP;10.47264519058302, -73.2601342054192;16;CALLE 13B BIS # 19 - 120;;
CESAR;VALLEDUPAR;COL. NACIONALIZADO ALFONSO LOP;10.47264519058302, -73.2601342054192;13;CALLE 13B BIS # 19 - 120;;
CESAR;VALLEDUPAR;COL. NACIONALIZADO ALFONSO LOP;10.47264519058302, -73.2601342054192;15;CALLE 13B BIS # 19 - 120;;
CESAR;VALLEDUPAR;COL. NACIONALIZADO ALFONSO LOP;10.47264519058302, -73.2601342054192;13;CALLE 13B BIS # 19 - 120;;
CESAR;VALLEDUPAR;COL. NACIONALIZADO ALFONSO LOP;10.47264519058302, -73.2601342054192;13;CALLE 13B BIS # 19 - 120;;
CESAR;VALLEDUPAR;COL. NACIONALIZADO ALFONSO LOP;10.47264519058302, -73.2601342054192;22;CALLE 13B BIS # 19 - 120;;
CESAR;VALLEDUPAR;COL. NACIONALIZADO ALFONSO LOP;10.47264519058302, -73.2601342054192;13;CALLE 13B BIS # 19 - 120;;
CESAR;VALLEDUPAR;COL. NACIONALIZADO ALFONSO LOP;10.47264519058302, -73.2601342054192;13;CALLE 13B BIS # 19 - 120;;
CESAR;VALLEDUPAR;COL. NACIONALIZADO ALFONSO LOP;10.47264519058302, -73.2601342054192;10;CALLE 13B BIS # 19 - 120;;
CESAR;VALLEDUPAR;COL. NACIONALIZADO ALFONSO LOP;10.47264519058302, -73.2601342054192;16;CALLE 13B BIS # 19 - 120;;
CESAR;VALLEDUPAR;COL. NACIONALIZADO ALFONSO LOP;10.47264519058302, -73.2601342054192;4;CALLE 13B BIS # 19 - 120;;
CESAR;VALLEDUPAR;I.E. LOPERENA GARUPAL;10.470371295537854, -73.26760906309124;8;;;
CESAR;VALLEDUPAR;I.E. LOPERENA GARUPAL;10.470371295537854, -73.26760906309124;15;;;
CESAR;VALLEDUPAR;I.E. LOPERENA GARUPAL;10.470371295537854, -73.26760906309124;11;;;
CESAR;VALLEDUPAR;I.E. LOPERENA GARUPAL;10.470371295537854, -73.26760906309124;9;;;
CESAR;VALLEDUPAR;I.E. LOPERENA GARUPAL;10.470371295537854, -73.26760906309124;13;;;
CESAR;VALLEDUPAR;I.E. LOPERENA GARUPAL;10.470371295537854, -73.26760906309124;12;;;
CESAR;VALLEDUPAR;I.E. LOPERENA GARUPAL;10.470371295537854, -73.26760906309124;14;;;
CESAR;VALLEDUPAR;I.E. LOPERENA GARUPAL;10.470371295537854, -73.26760906309124;18;;;
CESAR;VALLEDUPAR;I.E. LOPERENA GARUPAL;10.470371295537854, -73.26760906309124;13;;;
CESAR;VALLEDUPAR;I.E. LOPERENA GARUPAL;10.470371295537854, -73.26760906309124;13;;;
CESAR;VALLEDUPAR;I.E. LOPERENA GARUPAL;10.470371295537854, -73.26760906309124;13;;;
CESAR;VALLEDUPAR;I.E. LOPERENA GARUPAL;10.470371295537854, -73.26760906309124;15;;;
CESAR;VALLEDUPAR;I.E. LOPERENA GARUPAL;10.470371295537854, -73.26760906309124;24;;;
CESAR;VALLEDUPAR;I.E. LOPERENA GARUPAL;10.470371295537854, -73.26760906309124;14;;;
CESAR;VALLEDUPAR;I.E. LOPERENA GARUPAL;10.470371295537854, -73.26760906309124;8;;;
CESAR;VALLEDUPAR;I.E. LOPERENA GARUPAL;10.470371295537854, -73.26760906309124;12;;;
CESAR;VALLEDUPAR;I.E. LOPERENA GARUPAL;10.470371295537854, -73.26760906309124;17;;;
CESAR;VALLEDUPAR;I.E. LOPERENA GARUPAL;10.470371295537854, -73.26760906309124;19;;;
CESAR;VALLEDUPAR;I.E. LOPERENA GARUPAL;10.470371295537854, -73.26760906309124;13;;;
CESAR;VALLEDUPAR;I.E. LOPERENA GARUPAL;10.470371295537854, -73.26760906309124;9;;;
CESAR;VALLEDUPAR;I.E. LOPERENA GARUPAL;10.470371295537854, -73.26760906309124;15;;;
CESAR;VALLEDUPAR;I.E. LOPERENA GARUPAL;10.470371295537854, -73.26760906309124;14;;;
CESAR;VALLEDUPAR;I.E. LOPERENA GARUPAL;10.470371295537854, -73.26760906309124;9;;;
CESAR;VALLEDUPAR;I.E. LOPERENA GARUPAL;10.470371295537854, -73.26760906309124;13;;;
CESAR;VALLEDUPAR;I.E. LOPERENA GARUPAL;10.470371295537854, -73.26760906309124;11;;;
CESAR;VALLEDUPAR;I.E. LOPERENA GARUPAL;10.470371295537854, -73.26760906309124;9;;;
CESAR;VALLEDUPAR;I.E. LOPERENA GARUPAL;10.470371295537854, -73.26760906309124;23;;;
CESAR;VALLEDUPAR;I.E. LOPERENA GARUPAL;10.470371295537854, -73.26760906309124;20;;;
CESAR;VALLEDUPAR;I.E. LOPERENA GARUPAL;10.470371295537854, -73.26760906309124;12;;;
CESAR;VALLEDUPAR;I.E. LOPERENA GARUPAL;10.470371295537854, -73.26760906309124;14;;;
CESAR;VALLEDUPAR;I.E. LOPERENA GARUPAL;10.470371295537854, -73.26760906309124;12;;;
CESAR;VALLEDUPAR;I.E. LOPERENA GARUPAL;10.470371295537854, -73.26760906309124;6;;;
CESAR;VALLEDUPAR;I.E. LOPERENA GARUPAL;10.470371295537854, -73.26760906309124;13;;;
CESAR;VALLEDUPAR;I.E. LOPERENA GARUPAL;10.470371295537854, -73.26760906309124;15;;;
CESAR;VALLEDUPAR;I.E. LOPERENA GARUPAL;10.470371295537854, -73.26760906309124;19;;;
CESAR;VALLEDUPAR;I.E. LOPERENA GARUPAL;10.470371295537854, -73.26760906309124;1;;;
CESAR;VALLEDUPAR;I.E. TEC. LA ESPERANZA;10.479601486329681, -73.2771613477471;4;CALLE 6 # 37 - 100;;
CESAR;VALLEDUPAR;I.E. TEC. LA ESPERANZA;10.479601486329681, -73.2771613477471;6;CALLE 6 # 37 - 100;;
CESAR;VALLEDUPAR;I.E. TEC. LA ESPERANZA;10.479601486329681, -73.2771613477471;8;CALLE 6 # 37 - 100;;
CESAR;VALLEDUPAR;I.E. TEC. LA ESPERANZA;10.479601486329681, -73.2771613477471;4;CALLE 6 # 37 - 100;;
CESAR;VALLEDUPAR;I.E. TEC. LA ESPERANZA;10.479601486329681, -73.2771613477471;6;CALLE 6 # 37 - 100;;
CESAR;VALLEDUPAR;I.E. TEC. LA ESPERANZA;10.479601486329681, -73.2771613477471;9;CALLE 6 # 37 - 100;;
CESAR;VALLEDUPAR;I.E. TEC. LA ESPERANZA;10.479601486329681, -73.2771613477471;11;CALLE 6 # 37 - 100;;
CESAR;VALLEDUPAR;I.E. TEC. LA ESPERANZA;10.479601486329681, -73.2771613477471;12;CALLE 6 # 37 - 100;;
CESAR;VALLEDUPAR;I.E. TEC. LA ESPERANZA;10.479601486329681, -73.2771613477471;6;CALLE 6 # 37 - 100;;
CESAR;VALLEDUPAR;I.E. TEC. LA ESPERANZA;10.479601486329681, -73.2771613477471;9;CALLE 6 # 37 - 100;;
CESAR;VALLEDUPAR;I.E. TEC. LA ESPERANZA;10.479601486329681, -73.2771613477471;10;CALLE 6 # 37 - 100;;
CESAR;VALLEDUPAR;I.E. TEC. LA ESPERANZA;10.479601486329681, -73.2771613477471;16;CALLE 6 # 37 - 100;;
CESAR;VALLEDUPAR;I.E. TEC. LA ESPERANZA;10.479601486329681, -73.2771613477471;12;CALLE 6 # 37 - 100;;
CESAR;VALLEDUPAR;I.E. TEC. LA ESPERANZA;10.479601486329681, -73.2771613477471;14;CALLE 6 # 37 - 100;;
CESAR;VALLEDUPAR;I.E. TEC. LA ESPERANZA;10.479601486329681, -73.2771613477471;10;CALLE 6 # 37 - 100;;
CESAR;VALLEDUPAR;I.E. TEC. LA ESPERANZA;10.479601486329681, -73.2771613477471;17;CALLE 6 # 37 - 100;;
CESAR;VALLEDUPAR;I.E. TEC. LA ESPERANZA;10.479601486329681, -73.2771613477471;16;CALLE 6 # 37 - 100;;
CESAR;VALLEDUPAR;I.E. TEC. LA ESPERANZA;10.479601486329681, -73.2771613477471;18;CALLE 6 # 37 - 100;;
CESAR;VALLEDUPAR;I.E. TEC. LA ESPERANZA;10.479601486329681, -73.2771613477471;12;CALLE 6 # 37 - 100;;
CESAR;VALLEDUPAR;I.E. TEC. LA ESPERANZA;10.479601486329681, -73.2771613477471;9;CALLE 6 # 37 - 100;;
CESAR;VALLEDUPAR;I.E. TEC. LA ESPERANZA;10.479601486329681, -73.2771613477471;10;CALLE 6 # 37 - 100;;
CESAR;VALLEDUPAR;I.E. TEC. LA ESPERANZA;10.479601486329681, -73.2771613477471;10;CALLE 6 # 37 - 100;;
CESAR;VALLEDUPAR;I.E. TEC. LA ESPERANZA;10.479601486329681, -73.2771613477471;12;CALLE 6 # 37 - 100;;
CESAR;VALLEDUPAR;I.E. TEC. LA ESPERANZA;10.479601486329681, -73.2771613477471;13;CALLE 6 # 37 - 100;;
CESAR;VALLEDUPAR;I.E. TEC. LA ESPERANZA;10.479601486329681, -73.2771613477471;14;CALLE 6 # 37 - 100;;
CESAR;VALLEDUPAR;I.E. TEC. LA ESPERANZA;10.479601486329681, -73.2771613477471;5;CALLE 6 # 37 - 100;;
CESAR;VALLEDUPAR;I.E. TEC. LA ESPERANZA;10.479601486329681, -73.2771613477471;12;CALLE 6 # 37 - 100;;
CESAR;VALLEDUPAR;I.E. TEC. LA ESPERANZA;10.479601486329681, -73.2771613477471;7;CALLE 6 # 37 - 100;;
CESAR;VALLEDUPAR;I.E. TEC. LA ESPERANZA;10.479601486329681, -73.2771613477471;5;CALLE 6 # 37 - 100;;
CESAR;VALLEDUPAR;I.E. TEC. LA ESPERANZA;10.479601486329681, -73.2771613477471;14;CALLE 6 # 37 - 100;;
CESAR;VALLEDUPAR;I.E. TEC. LA ESPERANZA;10.479601486329681, -73.2771613477471;4;CALLE 6 # 37 - 100;;
CESAR;VALLEDUPAR;I.E. TEC. LA ESPERANZA;10.479601486329681, -73.2771613477471;9;CALLE 6 # 37 - 100;;
CESAR;VALLEDUPAR;I.E. TEC. LA ESPERANZA;10.479601486329681, -73.2771613477471;15;CALLE 6 # 37 - 100;;
CESAR;VALLEDUPAR;I.E. TEC. LA ESPERANZA;10.479601486329681, -73.2771613477471;8;CALLE 6 # 37 - 100;;
CESAR;VALLEDUPAR;I.E. TEC. LA ESPERANZA;10.479601486329681, -73.2771613477471;9;CALLE 6 # 37 - 100;;
CESAR;VALLEDUPAR;I.E. TEC. LA ESPERANZA;10.479601486329681, -73.2771613477471;8;CALLE 6 # 37 - 100;;
CESAR;VALLEDUPAR;I.E. TEC. LA ESPERANZA;10.479601486329681, -73.2771613477471;10;CALLE 6 # 37 - 100;;
CESAR;VALLEDUPAR;I.E. TEC. LA ESPERANZA;10.479601486329681, -73.2771613477471;6;CALLE 6 # 37 - 100;;
CESAR;VALLEDUPAR;I.E. TEC. LA ESPERANZA;10.479601486329681, -73.2771613477471;15;CALLE 6 # 37 - 100;;
CESAR;VALLEDUPAR;I.E. TEC. LA ESPERANZA;10.479601486329681, -73.2771613477471;9;CALLE 6 # 37 - 100;;
CESAR;VALLEDUPAR;I.E. TEC. LA ESPERANZA;10.479601486329681, -73.2771613477471;9;CALLE 6 # 37 - 100;;
CESAR;VALLEDUPAR;I.E. TEC. LA ESPERANZA;10.479601486329681, -73.2771613477471;9;CALLE 6 # 37 - 100;;
CESAR;VALLEDUPAR;I.E. BELLO HORIZONTE;10.478544088466164, -73.29080914774714;11;CALLE 5H # 49 - 06;;
CESAR;VALLEDUPAR;I.E. BELLO HORIZONTE;10.478544088466164, -73.29080914774714;8;CALLE 5H # 49 - 06;;
CESAR;VALLEDUPAR;I.E. BELLO HORIZONTE;10.478544088466164, -73.29080914774714;11;CALLE 5H # 49 - 06;;
CESAR;VALLEDUPAR;I.E. BELLO HORIZONTE;10.478544088466164, -73.29080914774714;10;CALLE 5H # 49 - 06;;
CESAR;VALLEDUPAR;I.E. BELLO HORIZONTE;10.478544088466164, -73.29080914774714;13;CALLE 5H # 49 - 06;;
CESAR;VALLEDUPAR;I.E. BELLO HORIZONTE;10.478544088466164, -73.29080914774714;9;CALLE 5H # 49 - 06;;
CESAR;VALLEDUPAR;I.E. BELLO HORIZONTE;10.478544088466164, -73.29080914774714;10;CALLE 5H # 49 - 06;;
CESAR;VALLEDUPAR;I.E. BELLO HORIZONTE;10.478544088466164, -73.29080914774714;6;CALLE 5H # 49 - 06;;
CESAR;VALLEDUPAR;I.E. BELLO HORIZONTE;10.478544088466164, -73.29080914774714;16;CALLE 5H # 49 - 06;;
CESAR;VALLEDUPAR;I.E. BELLO HORIZONTE;10.478544088466164, -73.29080914774714;11;CALLE 5H # 49 - 06;;
CESAR;VALLEDUPAR;I.E. BELLO HORIZONTE;10.478544088466164, -73.29080914774714;10;CALLE 5H # 49 - 06;;
CESAR;VALLEDUPAR;I.E. BELLO HORIZONTE;10.478544088466164, -73.29080914774714;14;CALLE 5H # 49 - 06;;
CESAR;VALLEDUPAR;I.E. BELLO HORIZONTE;10.478544088466164, -73.29080914774714;1;CALLE 5H # 49 - 06;;
CESAR;VALLEDUPAR;COL. COMFACESAR;10.486153580748422, -73.2808389784351;19;CALLE 1A # 38 - 49;;
CESAR;VALLEDUPAR;COL. COMFACESAR;10.486153580748422, -73.2808389784351;21;CALLE 1A # 38 - 49;;
CESAR;VALLEDUPAR;COL. COMFACESAR;10.486153580748422, -73.2808389784351;23;CALLE 1A # 38 - 49;;
CESAR;VALLEDUPAR;COL. COMFACESAR;10.486153580748422, -73.2808389784351;15;CALLE 1A # 38 - 49;;
CESAR;VALLEDUPAR;COL. COMFACESAR;10.486153580748422, -73.2808389784351;12;CALLE 1A # 38 - 49;;
CESAR;VALLEDUPAR;COL. COMFACESAR;10.486153580748422, -73.2808389784351;19;CALLE 1A # 38 - 49;;
CESAR;VALLEDUPAR;COL. COMFACESAR;10.486153580748422, -73.2808389784351;9;CALLE 1A # 38 - 49;;
CESAR;VALLEDUPAR;COL. COMFACESAR;10.486153580748422, -73.2808389784351;8;CALLE 1A # 38 - 49;;
CESAR;VALLEDUPAR;COL. COMFACESAR;10.486153580748422, -73.2808389784351;10;CALLE 1A # 38 - 49;;
CESAR;VALLEDUPAR;COL. PABLO SEXTO;10.48074998523328, -73.24783423425505;5;CALLE 13A # 6 - 88;;
CESAR;VALLEDUPAR;COL. PABLO SEXTO;10.48074998523328, -73.24783423425505;8;CALLE 13A # 6 - 88;;
CESAR;VALLEDUPAR;COL. PABLO SEXTO;10.48074998523328, -73.24783423425505;16;CALLE 13A # 6 - 88;;
CESAR;VALLEDUPAR;COL. PABLO SEXTO;10.48074998523328, -73.24783423425505;8;CALLE 13A # 6 - 88;;
CESAR;VALLEDUPAR;COL. PABLO SEXTO;10.48074998523328, -73.24783423425505;6;CALLE 13A # 6 - 88;;
CESAR;VALLEDUPAR;COL. PABLO SEXTO;10.48074998523328, -73.24783423425505;11;CALLE 13A # 6 - 88;;
CESAR;VALLEDUPAR;COL. PABLO SEXTO;10.48074998523328, -73.24783423425505;11;CALLE 13A # 6 - 88;;
CESAR;VALLEDUPAR;COL. PABLO SEXTO;10.48074998523328, -73.24783423425505;13;CALLE 13A # 6 - 88;;
CESAR;VALLEDUPAR;COL. PABLO SEXTO;10.48074998523328, -73.24783423425505;5;CALLE 13A # 6 - 88;;
CESAR;VALLEDUPAR;COL. PABLO SEXTO;10.48074998523328, -73.24783423425505;7;CALLE 13A # 6 - 88;;
CESAR;VALLEDUPAR;COL. PABLO SEXTO;10.48074998523328, -73.24783423425505;12;CALLE 13A # 6 - 88;;
CESAR;VALLEDUPAR;COL. PABLO SEXTO;10.48074998523328, -73.24783423425505;17;CALLE 13A # 6 - 88;;
CESAR;VALLEDUPAR;COL. PABLO SEXTO;10.48074998523328, -73.24783423425505;18;CALLE 13A # 6 - 88;;
CESAR;VALLEDUPAR;COL. PABLO SEXTO;10.48074998523328, -73.24783423425505;7;CALLE 13A # 6 - 88;;
CESAR;VALLEDUPAR;COL. PABLO SEXTO;10.48074998523328, -73.24783423425505;7;CALLE 13A # 6 - 88;;
CESAR;VALLEDUPAR;COL. PABLO SEXTO;10.48074998523328, -73.24783423425505;10;CALLE 13A # 6 - 88;;
CESAR;VALLEDUPAR;COL. PABLO SEXTO;10.48074998523328, -73.24783423425505;6;CALLE 13A # 6 - 88;;
CESAR;VALLEDUPAR;COL. PABLO SEXTO;10.48074998523328, -73.24783423425505;9;CALLE 13A # 6 - 88;;
CESAR;VALLEDUPAR;COL. PABLO SEXTO;10.48074998523328, -73.24783423425505;9;CALLE 13A # 6 - 88;;
CESAR;VALLEDUPAR;COL. PABLO SEXTO;10.48074998523328, -73.24783423425505;7;CALLE 13A # 6 - 88;;
CESAR;VALLEDUPAR;COL. PABLO SEXTO;10.48074998523328, -73.24783423425505;6;CALLE 13A # 6 - 88;;
CESAR;VALLEDUPAR;COL. PABLO SEXTO;10.48074998523328, -73.24783423425505;11;CALLE 13A # 6 - 88;;
CESAR;VALLEDUPAR;COL. PABLO SEXTO;10.48074998523328, -73.24783423425505;9;CALLE 13A # 6 - 88;;
CESAR;VALLEDUPAR;COL. PABLO SEXTO;10.48074998523328, -73.24783423425505;3;CALLE 13A # 6 - 88;;
CESAR;VALLEDUPAR;CONC. SAN JOAQUIN;10.481868309409998, -73.25646457573487;17;CALLE 9A # 13 - 44;;
CESAR;VALLEDUPAR;CONC. SAN JOAQUIN;10.481868309409998, -73.25646457573487;16;CALLE 9A # 13 - 44;;
CESAR;VALLEDUPAR;CONC. SAN JOAQUIN;10.481868309409998, -73.25646457573487;8;CALLE 9A # 13 - 44;;
CESAR;VALLEDUPAR;CONC. SAN JOAQUIN;10.481868309409998, -73.25646457573487;15;CALLE 9A # 13 - 44;;
CESAR;VALLEDUPAR;CONC. SAN JOAQUIN;10.481868309409998, -73.25646457573487;16;CALLE 9A # 13 - 44;;
CESAR;VALLEDUPAR;CONC. SAN JOAQUIN;10.481868309409998, -73.25646457573487;16;CALLE 9A # 13 - 44;;
CESAR;VALLEDUPAR;CONC. SAN JOAQUIN;10.481868309409998, -73.25646457573487;20;CALLE 9A # 13 - 44;;
CESAR;VALLEDUPAR;CONC. SAN JOAQUIN;10.481868309409998, -73.25646457573487;20;CALLE 9A # 13 - 44;;
CESAR;VALLEDUPAR;CONC. SAN JOAQUIN;10.481868309409998, -73.25646457573487;14;CALLE 9A # 13 - 44;;
CESAR;VALLEDUPAR;CONC. SAN JOAQUIN;10.481868309409998, -73.25646457573487;20;CALLE 9A # 13 - 44;;
CESAR;VALLEDUPAR;CONC. SAN JOAQUIN;10.481868309409998, -73.25646457573487;19;CALLE 9A # 13 - 44;;
CESAR;VALLEDUPAR;CONC. SAN JOAQUIN;10.481868309409998, -73.25646457573487;10;CALLE 9A # 13 - 44;;
CESAR;VALLEDUPAR;CONC. SAN JOAQUIN;10.481868309409998, -73.25646457573487;11;CALLE 9A # 13 - 44;;
CESAR;VALLEDUPAR;CONC. SAN JOAQUIN;10.481868309409998, -73.25646457573487;8;CALLE 9A # 13 - 44;;
CESAR;VALLEDUPAR;CONC. SAN JOAQUIN;10.481868309409998, -73.25646457573487;23;CALLE 9A # 13 - 44;;
CESAR;VALLEDUPAR;CONC. SAN JOAQUIN;10.481868309409998, -73.25646457573487;21;CALLE 9A # 13 - 44;;
CESAR;VALLEDUPAR;CONC. SAN JOAQUIN;10.481868309409998, -73.25646457573487;6;CALLE 9A # 13 - 44;;
CESAR;VALLEDUPAR;COL. LA SAGRADA FAMILIA;10.493409728416056, -73.26530527658288;15;TRANSVERSAL 8 # 2B - 85 ;;
CESAR;VALLEDUPAR;COL. LA SAGRADA FAMILIA;10.493409728416056, -73.26530527658288;19;TRANSVERSAL 8 # 2B - 85 ;;
CESAR;VALLEDUPAR;COL. LA SAGRADA FAMILIA;10.493409728416056, -73.26530527658288;15;TRANSVERSAL 8 # 2B - 85 ;;
CESAR;VALLEDUPAR;COL. LA SAGRADA FAMILIA;10.493409728416056, -73.26530527658288;15;TRANSVERSAL 8 # 2B - 85 ;;
CESAR;VALLEDUPAR;COL. LA SAGRADA FAMILIA;10.493409728416056, -73.26530527658288;17;TRANSVERSAL 8 # 2B - 85 ;;
CESAR;VALLEDUPAR;COL. LA SAGRADA FAMILIA;10.493409728416056, -73.26530527658288;10;TRANSVERSAL 8 # 2B - 85 ;;
CESAR;VALLEDUPAR;COL. LA SAGRADA FAMILIA;10.493409728416056, -73.26530527658288;14;TRANSVERSAL 8 # 2B - 85 ;;
CESAR;VALLEDUPAR;COL. LA SAGRADA FAMILIA;10.493409728416056, -73.26530527658288;11;TRANSVERSAL 8 # 2B - 85 ;;
CESAR;VALLEDUPAR;COL. LA SAGRADA FAMILIA;10.493409728416056, -73.26530527658288;14;TRANSVERSAL 8 # 2B - 85 ;;
CESAR;VALLEDUPAR;COL. LA SAGRADA FAMILIA;10.493409728416056, -73.26530527658288;9;TRANSVERSAL 8 # 2B - 85 ;;
CESAR;VALLEDUPAR;COL. LA SAGRADA FAMILIA;10.493409728416056, -73.26530527658288;2;TRANSVERSAL 8 # 2B - 85 ;;
CESAR;VALLEDUPAR;COL. LA SAGRADA FAMILIA;10.493409728416056, -73.26530527658288;3;TRANSVERSAL 8 # 2B - 85 ;;
CESAR;VALLEDUPAR;INS.TEC.PEDRO CASTRO MONSALVO;10.47499914051293, -73.25971667658322;10;CARRERA 19 # 11 - 60;;
CESAR;VALLEDUPAR;INS.TEC.PEDRO CASTRO MONSALVO;10.47499914051293, -73.25971667658322;7;CARRERA 19 # 11 - 60;;
CESAR;VALLEDUPAR;INS.TEC.PEDRO CASTRO MONSALVO;10.47499914051293, -73.25971667658322;18;CARRERA 19 # 11 - 60;;
CESAR;VALLEDUPAR;INS.TEC.PEDRO CASTRO MONSALVO;10.47499914051293, -73.25971667658322;14;CARRERA 19 # 11 - 60;;
CESAR;VALLEDUPAR;INS.TEC.PEDRO CASTRO MONSALVO;10.47499914051293, -73.25971667658322;9;CARRERA 19 # 11 - 60;;
CESAR;VALLEDUPAR;INS.TEC.PEDRO CASTRO MONSALVO;10.47499914051293, -73.25971667658322;4;CARRERA 19 # 11 - 60;;
CESAR;VALLEDUPAR;INS.TEC.PEDRO CASTRO MONSALVO;10.47499914051293, -73.25971667658322;14;CARRERA 19 # 11 - 60;;
CESAR;VALLEDUPAR;INS.TEC.PEDRO CASTRO MONSALVO;10.47499914051293, -73.25971667658322;26;CARRERA 19 # 11 - 60;;
CESAR;VALLEDUPAR;INS.TEC.PEDRO CASTRO MONSALVO;10.47499914051293, -73.25971667658322;18;CARRERA 19 # 11 - 60;;
CESAR;VALLEDUPAR;INS.TEC.PEDRO CASTRO MONSALVO;10.47499914051293, -73.25971667658322;22;CARRERA 19 # 11 - 60;;
CESAR;VALLEDUPAR;INS.TEC.PEDRO CASTRO MONSALVO;10.47499914051293, -73.25971667658322;25;CARRERA 19 # 11 - 60;;
CESAR;VALLEDUPAR;INS.TEC.PEDRO CASTRO MONSALVO;10.47499914051293, -73.25971667658322;20;CARRERA 19 # 11 - 60;;
CESAR;VALLEDUPAR;INS.TEC.PEDRO CASTRO MONSALVO;10.47499914051293, -73.25971667658322;20;CARRERA 19 # 11 - 60;;
CESAR;VALLEDUPAR;INS.TEC.PEDRO CASTRO MONSALVO;10.47499914051293, -73.25971667658322;21;CARRERA 19 # 11 - 60;;
CESAR;VALLEDUPAR;INS.TEC.PEDRO CASTRO MONSALVO;10.47499914051293, -73.25971667658322;24;CARRERA 19 # 11 - 60;;
CESAR;VALLEDUPAR;INS.TEC.PEDRO CASTRO MONSALVO;10.47499914051293, -73.25971667658322;19;CARRERA 19 # 11 - 60;;
CESAR;VALLEDUPAR;INS.TEC.PEDRO CASTRO MONSALVO;10.47499914051293, -73.25971667658322;12;CARRERA 19 # 11 - 60;;
CESAR;VALLEDUPAR;INS.TEC.PEDRO CASTRO MONSALVO;10.47499914051293, -73.25971667658322;14;CARRERA 19 # 11 - 60;;
CESAR;VALLEDUPAR;INS.TEC.PEDRO CASTRO MONSALVO;10.47499914051293, -73.25971667658322;16;CARRERA 19 # 11 - 60;;
CESAR;VALLEDUPAR;INS.TEC.PEDRO CASTRO MONSALVO;10.47499914051293, -73.25971667658322;31;CARRERA 19 # 11 - 60;;
CESAR;VALLEDUPAR;INS.TEC.PEDRO CASTRO MONSALVO;10.47499914051293, -73.25971667658322;13;CARRERA 19 # 11 - 60;;
CESAR;VALLEDUPAR;INS.TEC.PEDRO CASTRO MONSALVO;10.47499914051293, -73.25971667658322;9;CARRERA 19 # 11 - 60;;
CESAR;VALLEDUPAR;INS.TEC.PEDRO CASTRO MONSALVO;10.47499914051293, -73.25971667658322;11;CARRERA 19 # 11 - 60;;
CESAR;VALLEDUPAR;INS.TEC.PEDRO CASTRO MONSALVO;10.47499914051293, -73.25971667658322;15;CARRERA 19 # 11 - 60;;
CESAR;VALLEDUPAR;INS.TEC.PEDRO CASTRO MONSALVO;10.47499914051293, -73.25971667658322;15;CARRERA 19 # 11 - 60;;
CESAR;VALLEDUPAR;CARCEL JUDICIAL;10.464446606255688, -73.25631129164657;7;CARRERA 19 # 18 - 60 ;;
CESAR;VALLEDUPAR;ESTABLECIMIENTO PENITENCIARIO;10.446882611528897, -73.3075215919275;1;;;
CESAR;VALLEDUPAR;EL ALTO DE LA VUELTA;10.588051189470928, -73.14255866226125;3;;;
CESAR;VALLEDUPAR;EL ALTO DE LA VUELTA;10.588051189470928, -73.14255866226125;1;;;
CESAR;VALLEDUPAR;AGUAS BLANCAS;10.224790147144784, -73.48898598516737;3;;;
CESAR;VALLEDUPAR;AGUAS BLANCAS;10.224790147144784, -73.48898598516737;6;;;
CESAR;VALLEDUPAR;AGUAS BLANCAS;10.224790147144784, -73.48898598516737;2;;;
CESAR;VALLEDUPAR;AGUAS BLANCAS;10.224790147144784, -73.48898598516737;14;;;
CESAR;VALLEDUPAR;AGUAS BLANCAS;10.224790147144784, -73.48898598516737;10;;;
CESAR;VALLEDUPAR;AGUAS BLANCAS;10.224790147144784, -73.48898598516737;9;;;
CESAR;VALLEDUPAR;AGUAS BLANCAS;10.224790147144784, -73.48898598516737;10;;;
CESAR;VALLEDUPAR;AGUAS BLANCAS;10.224790147144784, -73.48898598516737;2;;;
CESAR;VALLEDUPAR;ATANQUEZ;10.696500404811, -73.35521597648955;9;;;
CESAR;VALLEDUPAR;ATANQUEZ;10.696500404811, -73.35521597648955;15;;;
CESAR;VALLEDUPAR;ATANQUEZ;10.696500404811, -73.35521597648955;15;;;
CESAR;VALLEDUPAR;ATANQUEZ;10.696500404811, -73.35521597648955;23;;;
CESAR;VALLEDUPAR;ATANQUEZ;10.696500404811, -73.35521597648955;20;;;
CESAR;VALLEDUPAR;ATANQUEZ;10.696500404811, -73.35521597648955;23;;;
CESAR;VALLEDUPAR;ATANQUEZ;10.696500404811, -73.35521597648955;16;;;
CESAR;VALLEDUPAR;ATANQUEZ;10.696500404811, -73.35521597648955;2;;;
CESAR;VALLEDUPAR;BADILLO;10.63094634967279, -73.12755661423486;4;;;
CESAR;VALLEDUPAR;BADILLO;10.63094634967279, -73.12755661423486;4;;;
CESAR;VALLEDUPAR;CARACOLI;10.07837796190261, -73.7391731300322;6;;;
CESAR;VALLEDUPAR;CARACOLI;10.07837796190261, -73.7391731300322;10;Estado;Ingresos;Gastos
CESAR;VALLEDUPAR;CHEMESQUEMENA;10.714873530413232, -73.39796310435605;4;Seattle;70;20
CESAR;VALLEDUPAR;CHEMESQUEMENA;10.714873530413232, -73.39796310435605;5;Berl暗;85;55
CESAR;VALLEDUPAR;EL JABO;10.496629925701802, -73.24914791624447;25;Londres;60;40
CESAR;VALLEDUPAR;EL PERRO;9.994901716001488, -73.65994290201577;12;Par押;35;60
CESAR;VALLEDUPAR;GUACOCHITO;10.517720787686324, -73.14812317270508;6;Tokio;80;20
CESAR;VALLEDUPAR;GUACOCHITO;10.517720787686324, -73.14812317270508;2;;;
CESAR;VALLEDUPAR;GUACOCHE;10.499680683605883, -73.16665522059405;4;;;
CESAR;VALLEDUPAR;GUACOCHE;10.499680683605883, -73.16665522059405;6;;;
CESAR;VALLEDUPAR;GUACOCHE;10.499680683605883, -73.16665522059405;6;;;
CESAR;VALLEDUPAR;GUATAPURI;10.728943361193243, -73.39210412436402;1;;;
CESAR;VALLEDUPAR;GUATAPURI;10.728943361193243, -73.39210412436402;3;;;
CESAR;VALLEDUPAR;GUAIMARAL;9.903845746341183, -73.64572793778629;14;;;
CESAR;VALLEDUPAR;GUAIMARAL;9.903845746341183, -73.64572793778629;9;;;
CESAR;VALLEDUPAR;GUAIMARAL;9.903845746341183, -73.64572793778629;13;;;
CESAR;VALLEDUPAR;LA VEGA ARRIBA;10.659439775169908, -73.20006619271669;5;;;
CESAR;VALLEDUPAR;LA VEGA ARRIBA;10.659439775169908, -73.20006619271669;2;;;
CESAR;VALLEDUPAR;LA MINA;10.703991525163786, -73.28993078665921;12;;;
CESAR;VALLEDUPAR;LA MINA;10.703991525163786, -73.28993078665921;14;;;
CESAR;VALLEDUPAR;LA MINA;10.703991525163786, -73.28993078665921;10;;;
CESAR;VALLEDUPAR;LOS CORAZONES;10.531290730490962, -73.22253441344824;17;;;
CESAR;VALLEDUPAR;LOS CORAZONES;10.531290730490962, -73.22253441344824;12;;;
CESAR;VALLEDUPAR;LOS HATICOS;10.694439811295103, -73.329742788649;4;;;
CESAR;VALLEDUPAR;LOS VENADOS;10.01119139601537, -73.6983085319463;27;;;
CESAR;VALLEDUPAR;LOS VENADOS;10.01119139601537, -73.6983085319463;30;;;
CESAR;VALLEDUPAR;LOS VENADOS;10.01119139601537, -73.6983085319463;25;;;
CESAR;VALLEDUPAR;LOS VENADOS;10.01119139601537, -73.6983085319463;19;;;
CESAR;VALLEDUPAR;LAS RAICES;10.5584216001641, -73.1804920400741;11;;;
CESAR;VALLEDUPAR;AZUCAR BUENA;10.43456305864377, -73.38842454117344;9;;;
CESAR;VALLEDUPAR;AZUCAR BUENA;10.43456305864377, -73.38842454117344;15;;;
CESAR;VALLEDUPAR;AZUCAR BUENA;10.43456305864377, -73.38842454117344;4;;;
CESAR;VALLEDUPAR;MARIANGOLA;10.184775512213793, -73.58816153901775;6;;;
CESAR;VALLEDUPAR;MARIANGOLA;10.184775512213793, -73.58816153901775;4;;;
CESAR;VALLEDUPAR;MARIANGOLA;10.184775512213793, -73.58816153901775;8;;;
CESAR;VALLEDUPAR;MARIANGOLA;10.184775512213793, -73.58816153901775;16;;;
CESAR;VALLEDUPAR;MARIANGOLA;10.184775512213793, -73.58816153901775;11;;;
CESAR;VALLEDUPAR;MARIANGOLA;10.184775512213793, -73.58816153901775;12;;;
CESAR;VALLEDUPAR;MARIANGOLA;10.184775512213793, -73.58816153901775;12;;;
CESAR;VALLEDUPAR;MARIANGOLA;10.184775512213793, -73.58816153901775;7;;;
CESAR;VALLEDUPAR;MARIANGOLA;10.184775512213793, -73.58816153901775;5;;;
CESAR;VALLEDUPAR;PATILLAL;10.704002311453927, -73.21240167911627;9;;;
CESAR;VALLEDUPAR;PATILLAL;10.704002311453927, -73.21240167911627;9;;;
CESAR;VALLEDUPAR;PATILLAL;10.704002311453927, -73.21240167911627;7;;;
CESAR;VALLEDUPAR;PATILLAL;10.704002311453927, -73.21240167911627;12;;;
CESAR;VALLEDUPAR;PATILLAL;10.704002311453927, -73.21240167911627;8;;;
CESAR;VALLEDUPAR;RIOSECO;10.607770779218875, -73.22427897907431;6;;;
CESAR;VALLEDUPAR;RIOSECO;10.607770779218875, -73.22427897907431;3;;;
CESAR;VALLEDUPAR;SABANA CRESPO;10.57937977625165, -73.4138307750234;8;;;
CESAR;VALLEDUPAR;SABANA CRESPO;10.57937977625165, -73.4138307750234;1;;;
CESAR;VALLEDUPAR;SABANA CRESPO;10.57937977625165, -73.4138307750234;3;;;
CESAR;VALLEDUPAR;VALENCIA DE JESUS;10.301390036486021, -73.39603810922819;2;;;
CESAR;VALLEDUPAR;VALENCIA DE JESUS;10.301390036486021, -73.39603810922819;13;;;
CESAR;VALLEDUPAR;VALENCIA DE JESUS;10.301390036486021, -73.39603810922819;3;;;
CESAR;VALLEDUPAR;VALENCIA DE JESUS;10.301390036486021, -73.39603810922819;2;;;
CESAR;VALLEDUPAR;VALENCIA DE JESUS;10.301390036486021, -73.39603810922819;4;;;
CESAR;VALLEDUPAR;VILLA GERMANIA;10.26705637082195, -73.71399606163492;49;;;
CESAR;VALLEDUPAR;VILLA GERMANIA;10.26705637082195, -73.71399606163492;36;;;
CESAR;VALLEDUPAR;VILLA GERMANIA;10.26705637082195, -73.71399606163492;1;;;
;;;;;;;
;;;;31494;;;
